,AUROC,AUPR-IN,AUPR-OUT,FPR95TPR,Method,Dataset,Seed
0,0.9331995248794556,0.993092954158783,0.891242504119873,0.11124999821186066,LogicOOD,FoolingImages,0
1,0.9490753412246704,0.995863676071167,0.9367371201515198,0.09875000268220901,LogicOOD+,FoolingImages,0
2,0.8008249998092651,0.9833269715309143,0.5512692332267761,1.0,Logic,FoolingImages,0
3,0.9387249946594238,0.9951047301292419,0.8301948308944702,0.09875000268220901,Logic+,FoolingImages,0
4,0.9773755073547363,0.9976488351821899,0.9227151870727539,0.07500000298023224,Ensemble,FoolingImages,0
5,0.9960309863090515,0.9996733665466309,0.9663951396942139,0.017500000074505806,ReAct,FoolingImages,0
6,0.9709068536758423,0.9973558783531189,0.8282809853553772,0.14624999463558197,MSP,FoolingImages,0
7,0.9905977845191956,0.9992186427116394,0.9215142130851746,0.03999999910593033,Energy,FoolingImages,0
8,0.9998688697814941,0.9999894499778748,0.9988007545471191,0.0012499999720603228,Mahalanobis,FoolingImages,0
9,0.9998592734336853,0.9999886155128479,0.9985507726669312,0.0,ViM,FoolingImages,0
10,0.9825975894927979,0.9985195994377136,0.8681613802909851,0.07999999821186066,Entropy,FoolingImages,0
11,0.9878736734390259,0.9989614486694336,0.9128826856613159,0.05249999836087227,MaxLogit,FoolingImages,0
12,0.9299138784408569,0.986587643623352,0.9029091596603394,0.11249999701976776,LogicOOD,Textures,0
13,0.9466186165809631,0.9920945167541504,0.9319182634353638,0.09875000268220901,LogicOOD+,Textures,0
14,0.7707491517066956,0.966950535774231,0.5878494381904602,1.0,Logic,Textures,0
15,0.9200398921966553,0.9888503551483154,0.7949386835098267,1.0,Logic+,Textures,0
16,0.9837273359298706,0.9972272515296936,0.9471509456634521,0.07000000029802322,Ensemble,Textures,0
17,0.9971300363540649,0.9995892643928528,0.982555091381073,0.012500000186264515,ReAct,Textures,0
18,0.9772965908050537,0.996385931968689,0.9003636240959167,0.10875000059604645,MSP,Textures,0
19,0.9927504658699036,0.9989498853683472,0.9573466181755066,0.03125,Energy,Textures,0
20,0.9966145157814026,0.9995089769363403,0.9812251329421997,0.017500000074505806,Mahalanobis,Textures,0
21,0.9988282918930054,0.9998281002044678,0.9940003156661987,0.007499999832361937,ViM,Textures,0
22,0.9868786334991455,0.9980547428131104,0.9284142255783081,0.05624999850988388,Entropy,Textures,0
23,0.9905763864517212,0.9985939860343933,0.951076328754425,0.038750000298023224,MaxLogit,Textures,0
24,0.9284490942955017,0.9643815159797668,0.9262445569038391,0.12999999523162842,LogicOOD,ImageNetO,0
25,0.9484512805938721,0.9796398282051086,0.9588959217071533,0.09875000268220901,LogicOOD+,ImageNetO,0
26,0.7903749942779541,0.926745593547821,0.7294164299964905,1.0,Logic,ImageNetO,0
27,0.9361249804496765,0.9763123393058777,0.9275048971176147,0.09875000268220901,Logic+,ImageNetO,0
28,0.966949462890625,0.9820670485496521,0.9517294764518738,0.10499999672174454,Ensemble,ImageNetO,0
29,0.9950287938117981,0.9979205131530762,0.9896981120109558,0.027499999850988388,ReAct,ImageNetO,0
30,0.9661912322044373,0.9838159084320068,0.9410632252693176,0.14875000715255737,MSP,ImageNetO,0
31,0.9866794347763062,0.9942554235458374,0.9735252857208252,0.05874999985098839,Energy,ImageNetO,0
32,0.9976730942726135,0.9990374445915222,0.9949837327003479,0.012500000186264515,Mahalanobis,ImageNetO,0
33,0.999672532081604,0.9998676180839539,0.9992327690124512,0.0024999999441206455,ViM,ImageNetO,0
34,0.9794925451278687,0.9908127784729004,0.9617064595222473,0.0949999988079071,Entropy,ImageNetO,0
35,0.9839432239532471,0.9927836656570435,0.9701866507530212,0.06750000268220901,MaxLogit,ImageNetO,0
36,0.9258573651313782,0.9974139332771301,0.7450050115585327,0.13500000536441803,LogicOOD,ImageNetR,0
37,0.9452836513519287,0.9984884858131409,0.8048347234725952,0.09875000268220901,LogicOOD+,ImageNetR,0
38,0.7879917025566101,0.993831992149353,0.48630961775779724,1.0,Logic,ImageNetR,0
39,0.9299583435058594,0.9980934858322144,0.6357423067092896,0.09875000268220901,Logic+,ImageNetR,0
40,0.9606174826622009,0.9985309839248657,0.7566399574279785,0.11874999850988388,Ensemble,ImageNetR,0
41,0.9855934381484985,0.9995827674865723,0.7974063158035278,0.07124999910593033,ReAct,ImageNetR,0
42,0.9483379125595093,0.9983057379722595,0.5627772212028503,0.23624999821186066,MSP,ImageNetR,0
43,0.9756212830543518,0.9992743134498596,0.6870899200439453,0.11500000208616257,Energy,ImageNetR,0
44,0.9886712431907654,0.9996644854545593,0.8562735319137573,0.05249999836087227,Mahalanobis,ImageNetR,0
45,0.9970864057540894,0.9999200105667114,0.9355185031890869,0.008750000037252903,ViM,ImageNetR,0
46,0.9639505743980408,0.9989013671875,0.5941663384437561,0.17624999582767487,Entropy,ImageNetR,0
47,0.9720792770385742,0.9991416931152344,0.6793279051780701,0.12125000357627869,MaxLogit,ImageNetR,0
48,0.9120866060256958,0.986931324005127,0.8018385171890259,0.1862500011920929,LogicOOD,ImageNetA,0
49,0.9366195797920227,0.992576539516449,0.8503623008728027,0.13124999403953552,LogicOOD+,ImageNetA,0
50,0.7314946055412292,0.9695819616317749,0.5455910563468933,1.0,Logic,ImageNetA,0
51,0.8887521028518677,0.9880596399307251,0.6744142174720764,1.0,Logic+,ImageNetA,0
52,0.949139416217804,0.9926465153694153,0.8201392889022827,0.17499999701976776,Ensemble,ImageNetA,0
53,0.9803049564361572,0.997613251209259,0.9069006443023682,0.09000000357627869,ReAct,ImageNetA,0
54,0.9375977516174316,0.9914382100105286,0.7572880983352661,0.27125000953674316,MSP,ImageNetA,0
55,0.9599420428276062,0.9949989914894104,0.8053208589553833,0.1899999976158142,Energy,ImageNetA,0
56,0.9743775129318237,0.9967907667160034,0.8858593702316284,0.13124999403953552,Mahalanobis,ImageNetA,0
57,0.9930554628372192,0.9991980791091919,0.9609857797622681,0.03500000014901161,ViM,ImageNetA,0
58,0.9528334140777588,0.9939237833023071,0.7851811647415161,0.2212499976158142,Entropy,ImageNetA,0
59,0.9580980539321899,0.9946169257164001,0.805268406867981,0.1899999976158142,MaxLogit,ImageNetA,0
60,0.9067898392677307,0.9813641309738159,0.8218377828598022,0.1912499964237213,LogicOOD,NINCO,0
61,0.9371983408927917,0.9906076788902283,0.876846194267273,0.12999999523162842,LogicOOD+,NINCO,0
62,0.6947991847991943,0.9559677839279175,0.5532137155532837,1.0,Logic,NINCO,0
63,0.8850526213645935,0.9845306277275085,0.6981610655784607,1.0,Logic+,NINCO,0
64,0.9453530311584473,0.9896721839904785,0.84257972240448,0.18000000715255737,Ensemble,NINCO,0
65,0.9830801486968994,0.9974774718284607,0.9260711669921875,0.07999999821186066,ReAct,NINCO,0
66,0.9526296257972717,0.9920171499252319,0.8303676843643188,0.20125000178813934,MSP,NINCO,0
67,0.970502495765686,0.995485782623291,0.8698581457138062,0.13750000298023224,Energy,NINCO,0
68,0.9646922945976257,0.9946460723876953,0.8491158485412598,0.1850000023841858,Mahalanobis,NINCO,0
69,0.9918220043182373,0.9988093376159668,0.9616672396659851,0.04874999821186066,ViM,NINCO,0
70,0.9653823375701904,0.9945052862167358,0.8579679131507874,0.14875000715255737,Entropy,NINCO,0
71,0.9691452383995056,0.9951428174972534,0.8707153797149658,0.13500000536441803,MaxLogit,NINCO,0
72,0.9086642265319824,0.9875408411026001,0.8435500860214233,0.14374999701976776,LogicOOD,iNaturalist,0
73,0.9185375571250916,0.9902305603027344,0.8584572672843933,0.13249999284744263,LogicOOD+,iNaturalist,0
74,0.6399250030517578,0.966765284538269,0.5062651038169861,1.0,Logic,iNaturalist,0
75,0.7087250351905823,0.9745447635650635,0.5191321969032288,1.0,Logic+,iNaturalist,0
76,0.9576301574707031,0.9951676726341248,0.8699644804000854,0.11874999850988388,Ensemble,iNaturalist,0
77,0.9936954975128174,0.9994547367095947,0.9607347846031189,0.032499998807907104,ReAct,iNaturalist,0
78,0.9709808826446533,0.9971317052841187,0.8535864353179932,0.13249999284744263,MSP,iNaturalist,0
79,0.9851833581924438,0.9986597895622253,0.9113447666168213,0.05874999985098839,Energy,iNaturalist,0
80,0.9262188076972961,0.9921191334724426,0.7390799522399902,0.2775000035762787,Mahalanobis,iNaturalist,0
81,0.9861570000648499,0.9985635280609131,0.9532618522644043,0.054999999701976776,ViM,iNaturalist,0
82,0.9813132286071777,0.9982807636260986,0.8888779878616333,0.07500000298023224,Entropy,iNaturalist,0
83,0.9839046597480774,0.998512864112854,0.90924072265625,0.0625,MaxLogit,iNaturalist,0
84,0.9328389763832092,0.992836594581604,0.8851308226585388,0.11124999821186066,LogicOOD,FoolingImages,1
85,0.9507305026054382,0.9959890246391296,0.9358553290367126,0.0949999988079071,LogicOOD+,FoolingImages,1
86,0.7830499410629272,0.9817654490470886,0.544032096862793,1.0,Logic,FoolingImages,1
87,0.9394999742507935,0.9951658248901367,0.8239046931266785,0.0949999988079071,Logic+,FoolingImages,1
88,0.9765632152557373,0.9973992109298706,0.9099775552749634,0.08624999970197678,Ensemble,FoolingImages,1
89,0.9934996366500854,0.9993756413459778,0.960578978061676,0.026249999180436134,ReAct,FoolingImages,1
90,0.9579951763153076,0.9960253834724426,0.7817502021789551,0.2175000011920929,MSP,FoolingImages,1
91,0.9823167324066162,0.9983793497085571,0.8820452690124512,0.08500000089406967,Energy,FoolingImages,1
92,0.9999462962150574,0.9999957084655762,0.9994134306907654,0.0,Mahalanobis,FoolingImages,1
93,0.9999390840530396,0.9999951124191284,0.9993355870246887,0.0,ViM,FoolingImages,1
94,0.9715405106544495,0.9973722696304321,0.8208104372024536,0.14000000059604645,Entropy,FoolingImages,1
95,0.9798962473869324,0.9981127381324768,0.8741347193717957,0.10499999672174454,MaxLogit,FoolingImages,1
96,0.9342207908630371,0.9879695177078247,0.9031386375427246,0.11124999821186066,LogicOOD,Textures,1
97,0.9487240314483643,0.9924220442771912,0.9351620674133301,0.0949999988079071,LogicOOD+,Textures,1
98,0.7975354194641113,0.9711731672286987,0.6048407554626465,1.0,Logic,Textures,1
99,0.9233332872390747,0.9893227815628052,0.802180290222168,1.0,Logic+,Textures,1
100,0.9818167686462402,0.9965581297874451,0.9413292407989502,0.07374999672174454,Ensemble,Textures,1
101,0.9960483312606812,0.9993654489517212,0.9806309938430786,0.013749999925494194,ReAct,Textures,1
102,0.9744343161582947,0.995890200138092,0.8903510570526123,0.13750000298023224,MSP,Textures,1
103,0.9909849166870117,0.9986012578010559,0.952663779258728,0.03125,Energy,Textures,1
104,0.9961932301521301,0.999447226524353,0.9796085953712463,0.023749999701976776,Mahalanobis,Textures,1
105,0.998939573764801,0.9998436570167542,0.9947035908699036,0.007499999832361937,ViM,Textures,1
106,0.9846956729888916,0.9976165890693665,0.9235814213752747,0.07374999672174454,Entropy,Textures,1
107,0.9892475605010986,0.9982767105102539,0.9471823573112488,0.04625000059604645,MaxLogit,Textures,1
108,0.9286631345748901,0.9639220237731934,0.9247625470161438,0.13375000655651093,LogicOOD,ImageNetO,1
109,0.9501824975013733,0.9802077412605286,0.9600249528884888,0.0949999988079071,LogicOOD+,ImageNetO,1
110,0.7804999947547913,0.9234796166419983,0.7224453687667847,1.0,Logic,ImageNetO,1
111,0.9357500076293945,0.9762994050979614,0.9237199425697327,0.0949999988079071,Logic+,ImageNetO,1
112,0.9674981832504272,0.9819310903549194,0.9500351548194885,0.11999999731779099,Ensemble,ImageNetO,1
113,0.9938187599182129,0.9968247413635254,0.989266574382782,0.02500000037252903,ReAct,ImageNetO,1
114,0.9614443778991699,0.9818907976150513,0.9299063682556152,0.19625000655651093,MSP,ImageNetO,1
115,0.9850550293922424,0.9927891492843628,0.9722010493278503,0.061250001192092896,Energy,ImageNetO,1
116,0.9974700212478638,0.9989620447158813,0.9944575428962708,0.012500000186264515,Mahalanobis,ImageNetO,1
117,0.9997080564498901,0.9998806715011597,0.9993402361869812,0.0012499999720603228,ViM,ImageNetO,1
118,0.9756819009780884,0.9884535074234009,0.9538084268569946,0.10999999940395355,Entropy,ImageNetO,1
119,0.9829450249671936,0.9916573762893677,0.9687162041664124,0.06624999642372131,MaxLogit,ImageNetO,1
120,0.9244142770767212,0.9972602725028992,0.7282750010490417,0.14374999701976776,LogicOOD,ImageNetR,1
121,0.9467583894729614,0.9985225200653076,0.7990254163742065,0.0949999988079071,LogicOOD+,ImageNetR,1
122,0.7640166282653809,0.9930795431137085,0.4838176965713501,1.0,Logic,ImageNetR,1
123,0.9292166233062744,0.998070240020752,0.624407947063446,0.0949999988079071,Logic+,ImageNetR,1
124,0.9634631276130676,0.9986448287963867,0.7387495636940002,0.13249999284744263,Ensemble,ImageNetR,1
125,0.9838494658470154,0.9994659423828125,0.772437572479248,0.06624999642372131,ReAct,ImageNetR,1
126,0.9376145005226135,0.9979078769683838,0.5376715660095215,0.2775000035762787,MSP,ImageNetR,1
127,0.9711187481880188,0.9990625381469727,0.6446454524993896,0.13750000298023224,Energy,ImageNetR,1
128,0.9881495833396912,0.9996563792228699,0.8582587838172913,0.0625,Mahalanobis,ImageNetR,1
129,0.9971261024475098,0.9999213218688965,0.9283496141433716,0.011250000447034836,ViM,ImageNetR,1
130,0.9555288553237915,0.9985477924346924,0.5634589791297913,0.23375000059604645,Entropy,ImageNetR,1
131,0.9677605628967285,0.9989349842071533,0.635877788066864,0.14249999821186066,MaxLogit,ImageNetR,1
132,0.9122483730316162,0.9869956970214844,0.7950255274772644,0.1912499964237213,LogicOOD,ImageNetA,1
133,0.9372437596321106,0.9926268458366394,0.8440099954605103,0.13875000178813934,LogicOOD+,ImageNetA,1
134,0.7306938767433167,0.9695836305618286,0.5466960668563843,1.0,Logic,ImageNetA,1
135,0.8876170516014099,0.9879531264305115,0.6707875728607178,1.0,Logic+,ImageNetA,1
136,0.9475430846214294,0.9924108982086182,0.8096621036529541,0.1862500011920929,Ensemble,ImageNetA,1
137,0.980231523513794,0.9974415898323059,0.8990920782089233,0.0949999988079071,ReAct,ImageNetA,1
138,0.9333778023719788,0.9910855889320374,0.7275785803794861,0.2800000011920929,MSP,ImageNetA,1
139,0.9607857465744019,0.9950222373008728,0.7877618074417114,0.1912499964237213,Energy,ImageNetA,1
140,0.9730039834976196,0.9965601563453674,0.8941259980201721,0.10875000059604645,Mahalanobis,ImageNetA,1
141,0.993614137172699,0.9992640614509583,0.9603065252304077,0.029999999329447746,ViM,ImageNetA,1
142,0.9490872621536255,0.9933472871780396,0.7543620467185974,0.26499998569488525,Entropy,ImageNetA,1
143,0.9588209390640259,0.9946658611297607,0.7853686213493347,0.19625000655651093,MaxLogit,ImageNetA,1
144,0.903132438659668,0.9801827669143677,0.8075367212295532,0.20499999821186066,LogicOOD,NINCO,1
145,0.9382502436637878,0.9908031225204468,0.8728576898574829,0.13500000536441803,LogicOOD+,NINCO,1
146,0.6758372783660889,0.9527981281280518,0.5492128729820251,1.0,Logic,NINCO,1
147,0.8881182670593262,0.9849779605865479,0.7026189565658569,1.0,Logic+,NINCO,1
148,0.9415407180786133,0.9892250299453735,0.8238478302955627,0.20000000298023224,Ensemble,NINCO,1
149,0.9821169376373291,0.9970921277999878,0.921318531036377,0.08250000327825546,ReAct,NINCO,1
150,0.9458674192428589,0.9909385442733765,0.8050890564918518,0.2512499988079071,MSP,NINCO,1
151,0.9675571918487549,0.9948118329048157,0.8533338308334351,0.15625,Energy,NINCO,1
152,0.9669791460037231,0.9949156045913696,0.866710901260376,0.14499999582767487,Mahalanobis,NINCO,1
153,0.9927182197570801,0.9989445805549622,0.9632085561752319,0.036249998956918716,ViM,NINCO,1
154,0.959757924079895,0.9934195876121521,0.8335456848144531,0.1912499964237213,Entropy,NINCO,1
155,0.9664741158485413,0.9945306777954102,0.8525829315185547,0.14749999344348907,MaxLogit,NINCO,1
156,0.9070559144020081,0.9869240522384644,0.836588442325592,0.1537500023841858,LogicOOD,iNaturalist,1
157,0.9185394048690796,0.9900851845741272,0.8527211546897888,0.14124999940395355,LogicOOD+,iNaturalist,1
158,0.6225000023841858,0.9646233916282654,0.5054450631141663,1.0,Logic,iNaturalist,1
159,0.6988999843597412,0.9736208915710449,0.518475353717804,1.0,Logic+,iNaturalist,1
160,0.9550688862800598,0.9950107932090759,0.8560147285461426,0.14249999821186066,Ensemble,iNaturalist,1
161,0.993529736995697,0.9993321895599365,0.966904878616333,0.02500000037252903,ReAct,iNaturalist,1
162,0.9722870588302612,0.9972650408744812,0.8552383780479431,0.13625000417232513,MSP,iNaturalist,1
163,0.9841853380203247,0.9984491467475891,0.9096019268035889,0.06499999761581421,Energy,iNaturalist,1
164,0.9331241846084595,0.9928291440010071,0.755211353302002,0.24375000596046448,Mahalanobis,iNaturalist,1
165,0.9888699650764465,0.9988702535629272,0.956523597240448,0.05000000074505806,ViM,iNaturalist,1
166,0.9806491136550903,0.9980670213699341,0.8886524438858032,0.08500000089406967,Entropy,iNaturalist,1
167,0.9842419624328613,0.9984259605407715,0.9093886613845825,0.061250001192092896,MaxLogit,iNaturalist,1
168,0.9355031251907349,0.9925550222396851,0.8974091410636902,0.10374999791383743,LogicOOD,FoolingImages,2
169,0.9552912712097168,0.9963949918746948,0.9476343393325806,0.08749999850988388,LogicOOD+,FoolingImages,2
170,0.7441749572753906,0.9783115386962891,0.5333893895149231,1.0,Logic,FoolingImages,2
171,0.9485999941825867,0.9959040284156799,0.8728543519973755,0.08749999850988388,Logic+,FoolingImages,2
172,0.9793898463249207,0.9976687431335449,0.9239445924758911,0.08124999701976776,Ensemble,FoolingImages,2
173,0.9959479570388794,0.9996693134307861,0.9628450274467468,0.017500000074505806,ReAct,FoolingImages,2
174,0.9712554216384888,0.9974725246429443,0.7979120016098022,0.14499999582767487,MSP,FoolingImages,2
175,0.9889570474624634,0.9990859627723694,0.8999123573303223,0.05000000074505806,Energy,FoolingImages,2
176,0.9999502301216125,0.9999960660934448,0.9993997812271118,0.0,Mahalanobis,FoolingImages,2
177,0.9998892545700073,0.9999911189079285,0.9987175464630127,0.0,ViM,FoolingImages,2
178,0.9820758104324341,0.9985105395317078,0.8376131057739258,0.07999999821186066,Entropy,FoolingImages,2
179,0.986761212348938,0.998874843120575,0.8923757672309875,0.06624999642372131,MaxLogit,FoolingImages,2
180,0.938679575920105,0.9883458614349365,0.9109562039375305,0.10374999791383743,LogicOOD,Textures,2
181,0.9530301690101624,0.99309903383255,0.9402865171432495,0.08749999850988388,LogicOOD+,Textures,2
182,0.7808997631072998,0.968875527381897,0.5968050956726074,1.0,Logic,Textures,2
183,0.9307181239128113,0.9903731346130371,0.8202309012413025,1.0,Logic+,Textures,2
184,0.9848118424415588,0.9972081184387207,0.9478089213371277,0.07124999910593033,Ensemble,Textures,2
185,0.9977648258209229,0.9996827244758606,0.9854201674461365,0.008750000037252903,ReAct,Textures,2
186,0.9801679253578186,0.996921181678772,0.9096270203590393,0.10875000059604645,MSP,Textures,2
187,0.9938051700592041,0.9991040229797363,0.9627842307090759,0.026249999180436134,Energy,Textures,2
188,0.9967834949493408,0.999536395072937,0.9819584488868713,0.01875000074505806,Mahalanobis,Textures,2
189,0.999055802822113,0.9998636245727539,0.9946373701095581,0.0024999999441206455,ViM,Textures,2
190,0.9893524050712585,0.9984459280967712,0.9393414258956909,0.051249999552965164,Entropy,Textures,2
191,0.9919948577880859,0.998805046081543,0.9571742415428162,0.038750000298023224,MaxLogit,Textures,2
192,0.9320024251937866,0.9641615748405457,0.9278441071510315,0.13249999284744263,LogicOOD,ImageNetO,2
193,0.9543712735176086,0.9819014668464661,0.9638057351112366,0.08749999850988388,LogicOOD+,ImageNetO,2
194,0.7598749995231628,0.9167821407318115,0.709815263748169,1.0,Logic,ImageNetO,2
195,0.9419999718666077,0.9785416126251221,0.9325366020202637,0.08749999850988388,Logic+,ImageNetO,2
196,0.9693424701690674,0.9830614924430847,0.95116126537323,0.11999999731779099,Ensemble,ImageNetO,2
197,0.9951381683349609,0.9980136156082153,0.9893161058425903,0.027499999850988388,ReAct,ImageNetO,2
198,0.9637075066566467,0.983329176902771,0.9325635433197021,0.16124999523162842,MSP,ImageNetO,2
199,0.9849188327789307,0.9936761856079102,0.9666498899459839,0.07124999910593033,Energy,ImageNetO,2
200,0.9983319044113159,0.9993324279785156,0.9960806965827942,0.007499999832361937,Mahalanobis,ImageNetO,2
201,0.9998387098312378,0.9999356269836426,0.9996030926704407,0.0,ViM,ImageNetO,2
202,0.9776755571365356,0.9904341697692871,0.9539093971252441,0.10750000178813934,Entropy,ImageNetO,2
203,0.9823344349861145,0.9922451972961426,0.9633414149284363,0.07000000029802322,MaxLogit,ImageNetO,2
204,0.9277843236923218,0.9972578287124634,0.7456005811691284,0.14124999940395355,LogicOOD,ImageNetR,2
205,0.951330304145813,0.9986571073532104,0.8198663592338562,0.08749999850988388,LogicOOD+,ImageNetR,2
206,0.7394416928291321,0.9923256635665894,0.48452484607696533,1.0,Logic,ImageNetR,2
207,0.9363166689872742,0.9982701539993286,0.6468983292579651,0.08749999850988388,Logic+,ImageNetR,2
208,0.964668333530426,0.998688280582428,0.7544755935668945,0.12999999523162842,Ensemble,ImageNetR,2
209,0.986358642578125,0.9996148347854614,0.7847511768341064,0.07124999910593033,ReAct,ImageNetR,2
210,0.947931170463562,0.9983484745025635,0.552794873714447,0.2524999976158142,MSP,ImageNetR,2
211,0.9766361713409424,0.9993221759796143,0.6705394983291626,0.1262499988079071,Energy,ImageNetR,2
212,0.9903892874717712,0.9997272491455078,0.8725535273551941,0.054999999701976776,Mahalanobis,ImageNetR,2
213,0.997366726398468,0.9999290704727173,0.9289492964744568,0.0062500000931322575,ViM,ImageNetR,2
214,0.9644744396209717,0.998946487903595,0.5834375619888306,0.17749999463558197,Entropy,ImageNetR,2
215,0.9729742407798767,0.9991881847381592,0.6634039282798767,0.14000000059604645,MaxLogit,ImageNetR,2
216,0.9150855541229248,0.9872848987579346,0.787023663520813,0.19625000655651093,LogicOOD,ImageNetA,2
217,0.9419940710067749,0.9932491779327393,0.8482850790023804,0.1262499988079071,LogicOOD+,ImageNetA,2
218,0.7216241359710693,0.968689501285553,0.5470846891403198,1.0,Logic,ImageNetA,2
219,0.8966513276100159,0.9889782071113586,0.6856492757797241,1.0,Logic+,ImageNetA,2
220,0.9460775852203369,0.9921678304672241,0.7987950444221497,0.19499999284744263,Ensemble,ImageNetA,2
221,0.9814091324806213,0.9978114366531372,0.9046030640602112,0.09125000238418579,ReAct,ImageNetA,2
222,0.9342880845069885,0.9912078976631165,0.743675172328949,0.2775000035762787,MSP,ImageNetA,2
223,0.9601181149482727,0.9951272010803223,0.7964840531349182,0.1899999976158142,Energy,ImageNetA,2
224,0.9782379269599915,0.9973880648612976,0.9006600379943848,0.0925000011920929,Mahalanobis,ImageNetA,2
225,0.9947447180747986,0.9994175434112549,0.9647105932235718,0.036249998956918716,ViM,ImageNetA,2
226,0.9514314532279968,0.9939051866531372,0.7728123068809509,0.23125000298023224,Entropy,ImageNetA,2
227,0.9578307867050171,0.9946719408035278,0.7953687906265259,0.1899999976158142,MaxLogit,ImageNetA,2
228,0.9070902466773987,0.9805986285209656,0.8069666028022766,0.21250000596046448,LogicOOD,NINCO,2
229,0.9431297779083252,0.9915682077407837,0.8805804252624512,0.1274999976158142,LogicOOD+,NINCO,2
230,0.6632025837898254,0.9509966373443604,0.5493969917297363,1.0,Logic,NINCO,2
231,0.8950151205062866,0.9859718680381775,0.7132143974304199,1.0,Logic+,NINCO,2
232,0.9419357776641846,0.9891800880432129,0.821087658405304,0.20874999463558197,Ensemble,NINCO,2
233,0.9826382398605347,0.9974585771560669,0.919803261756897,0.09125000238418579,ReAct,NINCO,2
234,0.9470683336257935,0.9913308620452881,0.8103765845298767,0.23874999582767487,MSP,NINCO,2
235,0.9663920402526855,0.9949554800987244,0.8446188569068909,0.16875000298023224,Energy,NINCO,2
236,0.9744174480438232,0.9962034225463867,0.8893091678619385,0.12999999523162842,Mahalanobis,NINCO,2
237,0.9944311380386353,0.9992190003395081,0.9695925712585449,0.03500000014901161,ViM,NINCO,2
238,0.9611330628395081,0.9939970970153809,0.8372790813446045,0.1850000023841858,Entropy,NINCO,2
239,0.9648919701576233,0.9945716857910156,0.8451261520385742,0.16249999403953552,MaxLogit,NINCO,2
240,0.9158955812454224,0.9887491464614868,0.8347163796424866,0.15000000596046448,LogicOOD,iNaturalist,2
241,0.9250660538673401,0.9911308884620667,0.8523058295249939,0.13875000178813934,LogicOOD+,iNaturalist,2
242,0.646274983882904,0.9680477380752563,0.5127123594284058,1.0,Logic,iNaturalist,2
243,0.7153000235557556,0.9754863977432251,0.5252683758735657,1.0,Logic+,iNaturalist,2
244,0.9551551342010498,0.9946468472480774,0.8506957292556763,0.14000000059604645,Ensemble,iNaturalist,2
245,0.9951651096343994,0.9995882511138916,0.9677656292915344,0.027499999850988388,ReAct,iNaturalist,2
246,0.9674108624458313,0.9968761205673218,0.8370639681816101,0.15125000476837158,MSP,iNaturalist,2
247,0.9846217632293701,0.9986283779144287,0.9048104286193848,0.07124999910593033,Energy,iNaturalist,2
248,0.9491916298866272,0.9948429465293884,0.8090548515319824,0.20000000298023224,Mahalanobis,iNaturalist,2
249,0.9916920065879822,0.9992293119430542,0.9655977487564087,0.04125000163912773,ViM,iNaturalist,2
250,0.9794319868087769,0.9981468319892883,0.8752802610397339,0.08874999731779099,Entropy,iNaturalist,2
251,0.9830127358436584,0.9984351396560669,0.9007151126861572,0.07249999791383743,MaxLogit,iNaturalist,2
252,0.9326971173286438,0.9929488897323608,0.8926599025726318,0.11124999821186066,LogicOOD,FoolingImages,3
253,0.9490290880203247,0.9958925843238831,0.9420000910758972,0.10000000149011612,LogicOOD+,FoolingImages,3
254,0.7936750054359436,0.9826824069023132,0.5476762056350708,1.0,Logic,FoolingImages,3
255,0.9422000050544739,0.9953916072845459,0.8646625876426697,0.10000000149011612,Logic+,FoolingImages,3
256,0.9757131934165955,0.9971151351928711,0.9243116974830627,0.07625000178813934,Ensemble,FoolingImages,3
257,0.9946146607398987,0.9995050430297852,0.960176944732666,0.019999999552965164,ReAct,FoolingImages,3
258,0.9670496582984924,0.9970029592514038,0.7984114289283752,0.18000000715255737,MSP,FoolingImages,3
259,0.988612174987793,0.9989948868751526,0.9062495231628418,0.04500000178813934,Energy,FoolingImages,3
260,0.9993227124214172,0.9999436140060425,0.994813084602356,0.0024999999441206455,Mahalanobis,FoolingImages,3
261,0.9996834993362427,0.999973475933075,0.9975723624229431,0.0012499999720603228,ViM,FoolingImages,3
262,0.9797766208648682,0.9982120990753174,0.8416698575019836,0.0925000011920929,Entropy,FoolingImages,3
263,0.9859411716461182,0.998731791973114,0.8951238393783569,0.0625,MaxLogit,FoolingImages,3
264,0.9311237335205078,0.9870268106460571,0.9044631719589233,0.11124999821186066,LogicOOD,Textures,3
265,0.9467158317565918,0.9921900033950806,0.9355354309082031,0.10000000149011612,LogicOOD+,Textures,3
266,0.7802349328994751,0.9684305787086487,0.5931565761566162,1.0,Logic,Textures,3
267,0.92508864402771,0.9895511269569397,0.8158515095710754,0.10000000149011612,Logic+,Textures,3
268,0.9828416109085083,0.9968941807746887,0.9496625065803528,0.05999999865889549,Ensemble,Textures,3
269,0.996654748916626,0.9994528889656067,0.9854257702827454,0.011250000447034836,ReAct,Textures,3
270,0.9779142141342163,0.9964643716812134,0.90700364112854,0.11749999970197678,MSP,Textures,3
271,0.9928483963012695,0.9988707900047302,0.9650923609733582,0.029999999329447746,Energy,Textures,3
272,0.9968838095664978,0.9995405077934265,0.9839461445808411,0.012500000186264515,Mahalanobis,Textures,3
273,0.9991395473480225,0.9998705387115479,0.9958767294883728,0.0024999999441206455,ViM,Textures,3
274,0.987703263759613,0.9980589151382446,0.9397727847099304,0.05874999985098839,Entropy,Textures,3
275,0.9910773038864136,0.9985617995262146,0.9590513706207275,0.03999999910593033,MaxLogit,Textures,3
276,0.9261490702629089,0.9626334309577942,0.9226358532905579,0.13500000536441803,LogicOOD,ImageNetO,3
277,0.9482724666595459,0.979727566242218,0.9595575332641602,0.10000000149011612,LogicOOD+,ImageNetO,3
278,0.7778750658035278,0.9221846461296082,0.7200437188148499,1.0,Logic,ImageNetO,3
279,0.9394999742507935,0.9773728847503662,0.9367266297340393,0.10000000149011612,Logic+,ImageNetO,3
280,0.9663637280464172,0.9805333614349365,0.9508528709411621,0.10750000178813934,Ensemble,ImageNetO,3
281,0.9923256039619446,0.9959872364997864,0.9862761497497559,0.032499998807907104,ReAct,ImageNetO,3
282,0.9574943780899048,0.9796775579452515,0.9243358373641968,0.1850000023841858,MSP,ImageNetO,3
283,0.9811294078826904,0.9908966422080994,0.9628541469573975,0.07124999910593033,Energy,ImageNetO,3
284,0.9971956014633179,0.9987949132919312,0.9943394660949707,0.012500000186264515,Mahalanobis,ImageNetO,3
285,0.9995918869972229,0.9998300671577454,0.999127209186554,0.0012499999720603228,ViM,ImageNetO,3
286,0.9729868769645691,0.9871234893798828,0.9475290775299072,0.11749999970197678,Entropy,ImageNetO,3
287,0.9787768125534058,0.9896847605705261,0.9595892429351807,0.08375000208616257,MaxLogit,ImageNetO,3
288,0.9237490892410278,0.9972925782203674,0.7299615144729614,0.15000000596046448,LogicOOD,ImageNetR,3
289,0.9447850584983826,0.9984786510467529,0.80364590883255,0.10000000149011612,LogicOOD+,ImageNetR,3
290,0.7756249904632568,0.9934370517730713,0.4840347170829773,1.0,Logic,ImageNetR,3
291,0.9307499527931213,0.9981170892715454,0.6432986855506897,0.10000000149011612,Logic+,ImageNetR,3
292,0.9623546600341797,0.9985023736953735,0.7429592609405518,0.12999999523162842,Ensemble,ImageNetR,3
293,0.9836688041687012,0.9994812607765198,0.7757890224456787,0.07000000029802322,ReAct,ImageNetR,3
294,0.9405658841133118,0.998066782951355,0.5421661138534546,0.27250000834465027,MSP,ImageNetR,3
295,0.9729667901992798,0.9991557598114014,0.6572699546813965,0.13124999403953552,Energy,ImageNetR,3
296,0.9881057143211365,0.9996323585510254,0.8535146713256836,0.05249999836087227,Mahalanobis,ImageNetR,3
297,0.9966049194335938,0.9999043941497803,0.923318088054657,0.008750000037252903,ViM,ImageNetR,3
298,0.9589680433273315,0.9987149834632874,0.5722624659538269,0.21375000476837158,Entropy,ImageNetR,3
299,0.969085156917572,0.9990196824073792,0.6477996706962585,0.14875000715255737,MaxLogit,ImageNetR,3
300,0.909574031829834,0.9864402413368225,0.7934905886650085,0.19875000417232513,LogicOOD,ImageNetA,3
301,0.9344095587730408,0.9922799468040466,0.8409783840179443,0.13625000417232513,LogicOOD+,ImageNetA,3
302,0.723133385181427,0.9684956073760986,0.542855978012085,1.0,Logic,ImageNetA,3
303,0.8840468525886536,0.9875346422195435,0.66585373878479,1.0,Logic+,ImageNetA,3
304,0.9474108815193176,0.9921002984046936,0.8120921850204468,0.1912499964237213,Ensemble,ImageNetA,3
305,0.9802992343902588,0.9972748160362244,0.9029818773269653,0.08375000208616257,ReAct,ImageNetA,3
306,0.9319888353347778,0.9906830787658691,0.7441189885139465,0.27125000953674316,MSP,ImageNetA,3
307,0.9600198864936829,0.9946908950805664,0.7986175417900085,0.20999999344348907,Energy,ImageNetA,3
308,0.9776161909103394,0.9970550537109375,0.9053506255149841,0.10249999910593033,Mahalanobis,ImageNetA,3
309,0.9943721890449524,0.9993400573730469,0.9639931917190552,0.02500000037252903,ViM,ImageNetA,3
310,0.9510138630867004,0.9934477806091309,0.7750090956687927,0.22624999284744263,Entropy,ImageNetA,3
311,0.9576759338378906,0.9943525195121765,0.7969745993614197,0.19499999284744263,MaxLogit,ImageNetA,3
312,0.9006564617156982,0.9799180626869202,0.8009254932403564,0.2212499976158142,LogicOOD,NINCO,3
313,0.9356794953346252,0.990451455116272,0.8694081902503967,0.13625000417232513,LogicOOD+,NINCO,3
314,0.6803409457206726,0.953417181968689,0.5489987134933472,1.0,Logic,NINCO,3
315,0.8875743746757507,0.9848672747612,0.7035817503929138,1.0,Logic+,NINCO,3
316,0.9394779205322266,0.9881828427314758,0.8202904462814331,0.2150000035762787,Ensemble,NINCO,3
317,0.9818742275238037,0.9969580173492432,0.9250710010528564,0.08874999731779099,ReAct,NINCO,3
318,0.9418202638626099,0.9901425242424011,0.7986156940460205,0.2549999952316284,MSP,NINCO,3
319,0.9646942615509033,0.9942352771759033,0.842318058013916,0.17125000059604645,Energy,NINCO,3
320,0.9713007807731628,0.9955514073371887,0.8739170432090759,0.14875000715255737,Mahalanobis,NINCO,3
321,0.9930136203765869,0.9989843964576721,0.9636507034301758,0.038750000298023224,ViM,NINCO,3
322,0.957588791847229,0.992959201335907,0.8278043866157532,0.19249999523162842,Entropy,NINCO,3
323,0.9630380868911743,0.9939109683036804,0.8411266207695007,0.16875000298023224,MaxLogit,NINCO,3
324,0.9049701690673828,0.9869530200958252,0.8241839408874512,0.16374999284744263,LogicOOD,iNaturalist,3
325,0.9158522486686707,0.9899211525917053,0.8442440032958984,0.1525000035762787,LogicOOD+,iNaturalist,3
326,0.6313750147819519,0.9656587839126587,0.505014181137085,1.0,Logic,iNaturalist,3
327,0.7054999470710754,0.9741817712783813,0.5178748369216919,1.0,Logic+,iNaturalist,3
328,0.9519147872924805,0.9941061735153198,0.846904456615448,0.14499999582767487,Ensemble,iNaturalist,3
329,0.9917202591896057,0.9991253614425659,0.9551540017127991,0.03500000014901161,ReAct,iNaturalist,3
330,0.9637883901596069,0.9963945150375366,0.8252624273300171,0.16500000655651093,MSP,iNaturalist,3
331,0.9791266918182373,0.9978777170181274,0.8783727884292603,0.07999999821186066,Energy,iNaturalist,3
332,0.943595290184021,0.9940707683563232,0.7734532356262207,0.23375000059604645,Mahalanobis,iNaturalist,3
333,0.9884591102600098,0.9988383054733276,0.9531127214431763,0.05375000089406967,ViM,iNaturalist,3
334,0.9755191802978516,0.9975054860115051,0.861689567565918,0.10000000149011612,Entropy,iNaturalist,3
335,0.9786938428878784,0.9978479146957397,0.87839275598526,0.08375000208616257,MaxLogit,iNaturalist,3
336,0.9357567429542542,0.9928913712501526,0.897821307182312,0.10249999910593033,LogicOOD,FoolingImages,4
337,0.9535611867904663,0.9962249994277954,0.9422385692596436,0.09000000357627869,LogicOOD+,FoolingImages,4
338,0.7665249705314636,0.9803478121757507,0.539714515209198,1.0,Logic,FoolingImages,4
339,0.943049967288971,0.9954536557197571,0.8347553014755249,0.09000000357627869,Logic+,FoolingImages,4
340,0.9793806076049805,0.997886061668396,0.9258102774620056,0.07249999791383743,Ensemble,FoolingImages,4
341,0.9969972372055054,0.9997533559799194,0.9730861186981201,0.013749999925494194,ReAct,FoolingImages,4
342,0.9728462100028992,0.9975373148918152,0.8368234038352966,0.14249999821186066,MSP,FoolingImages,4
343,0.9898842573165894,0.9991670846939087,0.8871558904647827,0.04625000059604645,Energy,FoolingImages,4
344,0.9995687007904053,0.9999643564224243,0.9965172410011292,0.0012499999720603228,Mahalanobis,FoolingImages,4
345,0.9998851418495178,0.9999907612800598,0.9986781477928162,0.0,ViM,FoolingImages,4
346,0.9844496250152588,0.998680591583252,0.8760640025138855,0.08250000327825546,Entropy,FoolingImages,4
347,0.9877216815948486,0.9989583492279053,0.8834236264228821,0.05624999850988388,MaxLogit,FoolingImages,4
348,0.9342650175094604,0.9870297908782959,0.9071694612503052,0.10625000298023224,LogicOOD,Textures,4
349,0.951290488243103,0.9928010106086731,0.9376855492591858,0.09000000357627869,LogicOOD+,Textures,4
350,0.7571321129798889,0.9651178121566772,0.5839474201202393,1.0,Logic,Textures,4
351,0.9260992407798767,0.9897258281707764,0.805941104888916,1.0,Logic+,Textures,4
352,0.9834217429161072,0.9972245693206787,0.9464285969734192,0.07000000029802322,Ensemble,Textures,4
353,0.9975086450576782,0.9996423721313477,0.9847750067710876,0.0062500000931322575,ReAct,Textures,4
354,0.9770649671554565,0.9963216185569763,0.9063147306442261,0.10875000059604645,MSP,Textures,4
355,0.9936215877532959,0.9990708231925964,0.963074266910553,0.029999999329447746,Energy,Textures,4
356,0.9969933032989502,0.9995612502098083,0.98386549949646,0.011250000447034836,Mahalanobis,Textures,4
357,0.9991363883018494,0.9998759031295776,0.9949396252632141,0.0037499999161809683,ViM,Textures,4
358,0.9880952835083008,0.9982298612594604,0.9378224015235901,0.057500001043081284,Entropy,Textures,4
359,0.9914264678955078,0.9987064599990845,0.956628680229187,0.042500000447034836,MaxLogit,Textures,4
360,0.9311972260475159,0.9641368985176086,0.9280089735984802,0.12999999523162842,LogicOOD,ImageNetO,4
361,0.9526275396347046,0.9811902046203613,0.9615396857261658,0.09000000357627869,LogicOOD+,ImageNetO,4
362,0.7663750052452087,0.9189118146896362,0.7135930061340332,1.0,Logic,ImageNetO,4
363,0.9392499923706055,0.9775806665420532,0.9280341863632202,0.09000000357627869,Logic+,ImageNetO,4
364,0.9696428775787354,0.9843767285346985,0.9536927938461304,0.10875000059604645,Ensemble,ImageNetO,4
365,0.9948937296867371,0.9978642463684082,0.9893290996551514,0.027499999850988388,ReAct,ImageNetO,4
366,0.9646913409233093,0.9831244945526123,0.9382777810096741,0.1587499976158142,MSP,ImageNetO,4
367,0.9867193698883057,0.9944127798080444,0.9715943932533264,0.06499999761581421,Energy,ImageNetO,4
368,0.9971801042556763,0.9988270998001099,0.9939067363739014,0.008750000037252903,Mahalanobis,ImageNetO,4
369,0.9996930956840515,0.9998775124549866,0.9992492198944092,0.0,ViM,ImageNetO,4
370,0.9796568751335144,0.9910882115364075,0.9599132537841797,0.08624999970197678,Entropy,ImageNetO,4
371,0.9839088916778564,0.9929012060165405,0.9680360555648804,0.0637499988079071,MaxLogit,ImageNetO,4
372,0.9284616708755493,0.9973703622817993,0.749767541885376,0.13875000178813934,LogicOOD,ImageNetR,4
373,0.9490737318992615,0.9985809922218323,0.8070226311683655,0.09000000357627869,LogicOOD+,ImageNetR,4
374,0.7589250206947327,0.9929476976394653,0.48586544394493103,1.0,Logic,ImageNetR,4
375,0.9294332265853882,0.998074471950531,0.6170883774757385,1.0,Logic+,ImageNetR,4
376,0.9670339822769165,0.9988685846328735,0.7606923580169678,0.12250000238418579,Ensemble,ImageNetR,4
377,0.9874481558799744,0.9996410608291626,0.8188215494155884,0.0625,ReAct,ImageNetR,4
378,0.9519213438034058,0.9984456300735474,0.6052930355072021,0.22499999403953552,MSP,ImageNetR,4
379,0.9792366027832031,0.999396800994873,0.7135428786277771,0.10625000298023224,Energy,ImageNetR,4
380,0.9892314076423645,0.9996795654296875,0.8706330060958862,0.051249999552965164,Mahalanobis,ImageNetR,4
381,0.9975051879882812,0.9999324083328247,0.9401036500930786,0.011250000447034836,ViM,ImageNetR,4
382,0.9683015942573547,0.9990525245666504,0.6365732550621033,0.15625,Entropy,ImageNetR,4
383,0.9758403301239014,0.9992735981941223,0.706859290599823,0.11500000208616257,MaxLogit,ImageNetR,4
384,0.913905143737793,0.9869735240936279,0.7967272996902466,0.19625000655651093,LogicOOD,ImageNetA,4
385,0.9399245977401733,0.9929398894309998,0.8487658500671387,0.13375000655651093,LogicOOD+,ImageNetA,4
386,0.7178323864936829,0.9681159257888794,0.5449990630149841,1.0,Logic,ImageNetA,4
387,0.8897157311439514,0.9882099032402039,0.6729655265808105,1.0,Logic+,ImageNetA,4
388,0.9474679827690125,0.9926472306251526,0.8104093074798584,0.19625000655651093,Ensemble,ImageNetA,4
389,0.980303168296814,0.9976590871810913,0.9013353586196899,0.09875000268220901,ReAct,ImageNetA,4
390,0.9356631636619568,0.9912561178207397,0.7520027756690979,0.27000001072883606,MSP,ImageNetA,4
391,0.9610052704811096,0.995287299156189,0.7977294325828552,0.19249999523162842,Energy,ImageNetA,4
392,0.9760960340499878,0.9969493746757507,0.8980404138565063,0.10249999910593033,Mahalanobis,ImageNetA,4
393,0.9938698410987854,0.9993159174919128,0.9612858295440674,0.027499999850988388,ViM,ImageNetA,4
394,0.9532103538513184,0.9941369891166687,0.7802009582519531,0.23499999940395355,Entropy,ImageNetA,4
395,0.9587191343307495,0.9948388338088989,0.7973500490188599,0.1899999976158142,MaxLogit,ImageNetA,4
396,0.9064809679985046,0.9808458089828491,0.8091030120849609,0.20374999940395355,LogicOOD,NINCO,4
397,0.9398910999298096,0.9910427927970886,0.8685702085494995,0.14000000059604645,LogicOOD+,NINCO,4
398,0.6752201914787292,0.9530324935913086,0.5514767169952393,1.0,Logic,NINCO,4
399,0.8891724348068237,0.9851614832878113,0.70273357629776,1.0,Logic+,NINCO,4
400,0.9411922693252563,0.9892352223396301,0.824113130569458,0.20250000059604645,Ensemble,NINCO,4
401,0.9798589944839478,0.9969961643218994,0.9132922887802124,0.10499999672174454,ReAct,NINCO,4
402,0.9452370405197144,0.9908229112625122,0.8034728169441223,0.22750000655651093,MSP,NINCO,4
403,0.9654029607772827,0.9948416948318481,0.8332752585411072,0.17000000178813934,Energy,NINCO,4
404,0.9715372323989868,0.995608925819397,0.8828735947608948,0.13124999403953552,Mahalanobis,NINCO,4
405,0.99282306432724,0.9989799857139587,0.9634398818016052,0.03500000014901161,ViM,NINCO,4
406,0.9602723717689514,0.9938117861747742,0.8307092785835266,0.17624999582767487,Entropy,NINCO,4
407,0.964020848274231,0.994459867477417,0.835032045841217,0.16374999284744263,MaxLogit,NINCO,4
408,0.9113473296165466,0.9879150986671448,0.8349259495735168,0.1525000035762787,LogicOOD,iNaturalist,4
409,0.9217394590377808,0.9906939268112183,0.8524356484413147,0.14124999940395355,LogicOOD+,iNaturalist,4
410,0.6361749768257141,0.9666955471038818,0.5101202130317688,1.0,Logic,iNaturalist,4
411,0.7112999558448792,0.9750224351882935,0.5233101844787598,1.0,Logic+,iNaturalist,4
412,0.9516909718513489,0.9942523241043091,0.8521112203598022,0.14374999701976776,Ensemble,iNaturalist,4
413,0.9914762377738953,0.9992385506629944,0.9512295126914978,0.04625000059604645,ReAct,iNaturalist,4
414,0.9642892479896545,0.9963745474815369,0.8344685435295105,0.16124999523162842,MSP,iNaturalist,4
415,0.9818730354309082,0.998346209526062,0.892630398273468,0.08500000089406967,Energy,iNaturalist,4
416,0.9475628137588501,0.9945284724235535,0.799167275428772,0.21250000596046448,Mahalanobis,iNaturalist,4
417,0.9902993440628052,0.9990863800048828,0.9621273279190063,0.03999999910593033,ViM,iNaturalist,4
418,0.9768872261047363,0.997812032699585,0.8709137439727783,0.10125000029802322,Entropy,iNaturalist,4
419,0.9804720282554626,0.9981622099876404,0.8910009860992432,0.08749999850988388,MaxLogit,iNaturalist,4
420,0.9363037943840027,0.993189811706543,0.8931323289871216,0.10999999940395355,LogicOOD,FoolingImages,5
421,0.9533656239509583,0.9962092041969299,0.9397302269935608,0.09000000357627869,LogicOOD+,FoolingImages,5
422,0.7842749953269958,0.9819642305374146,0.5466165542602539,1.0,Logic,FoolingImages,5
423,0.9429999589920044,0.9954496026039124,0.8343664407730103,0.09000000357627869,Logic+,FoolingImages,5
424,0.9788343906402588,0.9978997707366943,0.9154703617095947,0.08500000089406967,Ensemble,FoolingImages,5
425,0.9958854913711548,0.99965500831604,0.9667127132415771,0.014999999664723873,ReAct,FoolingImages,5
426,0.9664750099182129,0.9969518184661865,0.8107068538665771,0.16249999403953552,MSP,FoolingImages,5
427,0.9864023923873901,0.9988639950752258,0.8558588027954102,0.0625,Energy,FoolingImages,5
428,0.9998188018798828,0.9999853372573853,0.9983038306236267,0.0,Mahalanobis,FoolingImages,5
429,0.9997826218605042,0.9999823570251465,0.9979925155639648,0.0012499999720603228,ViM,FoolingImages,5
430,0.9799208045005798,0.998278021812439,0.8505765199661255,0.10125000029802322,Entropy,FoolingImages,5
431,0.9833478927612305,0.998565673828125,0.850291907787323,0.07999999821186066,MaxLogit,FoolingImages,5
432,0.9370152354240417,0.9883356690406799,0.9074882864952087,0.10999999940395355,LogicOOD,Textures,5
433,0.9513761401176453,0.9928311705589294,0.938044548034668,0.09000000357627869,LogicOOD+,Textures,5
434,0.7928590178489685,0.9706193208694458,0.6032426953315735,1.0,Logic,Textures,5
435,0.9274290204048157,0.9899095296859741,0.8109269142150879,1.0,Logic+,Textures,5
436,0.9853230714797974,0.9976110458374023,0.9470186233520508,0.07249999791383743,Ensemble,Textures,5
437,0.9971218705177307,0.9995784759521484,0.9845134019851685,0.013749999925494194,ReAct,Textures,5
438,0.9746687412261963,0.9959399700164795,0.9010915160179138,0.11124999821186066,MSP,Textures,5
439,0.9921812415122986,0.9988413453102112,0.9584122896194458,0.03500000014901161,Energy,Textures,5
440,0.9970786571502686,0.9995748400688171,0.9841076135635376,0.012500000186264515,Mahalanobis,Textures,5
441,0.9987632036209106,0.9998161792755127,0.9940991401672363,0.007499999832361937,ViM,Textures,5
442,0.9869243502616882,0.9980348944664001,0.9344098567962646,0.06875000149011612,Entropy,Textures,5
443,0.9895456433296204,0.998396635055542,0.9512534141540527,0.05624999850988388,MaxLogit,Textures,5
444,0.932546854019165,0.9660844206809998,0.9283255338668823,0.1274999976158142,LogicOOD,ImageNetO,5
445,0.9523743987083435,0.9810481667518616,0.960942268371582,0.09000000357627869,LogicOOD+,ImageNetO,5
446,0.7876250147819519,0.9266247749328613,0.7284748554229736,1.0,Logic,ImageNetO,5
447,0.9380000233650208,0.9771788120269775,0.9251435399055481,0.09000000357627869,Logic+,ImageNetO,5
448,0.9697591066360474,0.9849181175231934,0.951932430267334,0.10999999940395355,Ensemble,ImageNetO,5
449,0.9935907125473022,0.9972127079963684,0.987534761428833,0.026249999180436134,ReAct,ImageNetO,5
450,0.9550387859344482,0.9782771468162537,0.9243869781494141,0.17749999463558197,MSP,ImageNetO,5
451,0.982198178768158,0.9921581149101257,0.9652338624000549,0.08749999850988388,Energy,ImageNetO,5
452,0.9978793859481812,0.9991267919540405,0.9954031109809875,0.009999999776482582,Mahalanobis,ImageNetO,5
453,0.9995093941688538,0.9997995495796204,0.9988976120948792,0.0024999999441206455,ViM,ImageNetO,5
454,0.972809374332428,0.9877868294715881,0.9485030770301819,0.10875000059604645,Entropy,ImageNetO,5
455,0.9780625700950623,0.9898830652236938,0.9599454998970032,0.08749999850988388,MaxLogit,ImageNetO,5
456,0.9277787804603577,0.9974059462547302,0.7421025633811951,0.14374999701976776,LogicOOD,ImageNetR,5
457,0.9481774568557739,0.9985483884811401,0.7943544387817383,0.0949999988079071,LogicOOD+,ImageNetR,5
458,0.770425021648407,0.9933172464370728,0.4875604808330536,1.0,Logic,ImageNetR,5
459,0.9262499809265137,0.9979832768440247,0.6045585870742798,1.0,Logic+,ImageNetR,5
460,0.9645520448684692,0.9987921714782715,0.7510356307029724,0.13625000417232513,Ensemble,ImageNetR,5
461,0.9853472709655762,0.999573826789856,0.7874617576599121,0.07999999821186066,ReAct,ImageNetR,5
462,0.9408299326896667,0.9980543255805969,0.5523682236671448,0.23999999463558197,MSP,ImageNetR,5
463,0.9745541214942932,0.9992448687553406,0.6733818054199219,0.13249999284744263,Energy,ImageNetR,5
464,0.9891091585159302,0.9996789693832397,0.8587977886199951,0.057500001043081284,Mahalanobis,ImageNetR,5
465,0.9963895082473755,0.99989914894104,0.9247678518295288,0.012500000186264515,ViM,ImageNetR,5
466,0.9608739614486694,0.9988069534301758,0.5838544368743896,0.1837500035762787,Entropy,ImageNetR,5
467,0.9694485068321228,0.9990553855895996,0.664715051651001,0.13875000178813934,MaxLogit,ImageNetR,5
468,0.9135721325874329,0.9871758222579956,0.790696918964386,0.20624999701976776,LogicOOD,ImageNetA,5
469,0.9390262365341187,0.9928128123283386,0.843454122543335,0.13750000298023224,LogicOOD+,ImageNetA,5
470,0.7281333804130554,0.9694423079490662,0.5481716990470886,1.0,Logic,ImageNetA,5
471,0.8872408270835876,0.9879396557807922,0.6684256792068481,1.0,Logic+,ImageNetA,5
472,0.9474035501480103,0.9928527474403381,0.8043975830078125,0.20374999940395355,Ensemble,ImageNetA,5
473,0.9804127216339111,0.9976329803466797,0.9013592004776001,0.10249999910593033,ReAct,ImageNetA,5
474,0.9295680522918701,0.9903031587600708,0.7434805631637573,0.2787500023841858,MSP,ImageNetA,5
475,0.9603991508483887,0.9951390027999878,0.7976752519607544,0.1850000023841858,Energy,ImageNetA,5
476,0.9766653776168823,0.9970663189888,0.8962342143058777,0.12125000357627869,Mahalanobis,ImageNetA,5
477,0.9926953315734863,0.9991361498832703,0.9591506719589233,0.03375000134110451,ViM,ImageNetA,5
478,0.9492489695549011,0.9935009479522705,0.7730327844619751,0.22374999523162842,Entropy,ImageNetA,5
479,0.9562743902206421,0.9943956732749939,0.7945425510406494,0.1912499964237213,MaxLogit,ImageNetA,5
480,0.9064841270446777,0.981406033039093,0.8023041486740112,0.2162500023841858,LogicOOD,NINCO,5
481,0.9394152760505676,0.9909466505050659,0.8670559525489807,0.13750000298023224,LogicOOD+,NINCO,5
482,0.6896783709526062,0.9555701017379761,0.5554682016372681,1.0,Logic,NINCO,5
483,0.8873013257980347,0.9849076867103577,0.699235200881958,1.0,Logic+,NINCO,5
484,0.9429157972335815,0.9901012778282166,0.8177747130393982,0.21250000596046448,Ensemble,NINCO,5
485,0.979735255241394,0.9969385862350464,0.9133312106132507,0.11375000327825546,ReAct,NINCO,5
486,0.9405584931373596,0.9899415373802185,0.7979748249053955,0.23125000298023224,MSP,NINCO,5
487,0.9622248411178589,0.994252622127533,0.8284404277801514,0.17624999582767487,Energy,NINCO,5
488,0.9720709323883057,0.9957694411277771,0.8760297298431396,0.15125000476837158,Mahalanobis,NINCO,5
489,0.9920638799667358,0.9988319277763367,0.9618362188339233,0.038750000298023224,ViM,NINCO,5
490,0.9562012553215027,0.9930647611618042,0.8234450221061707,0.1887499988079071,Entropy,NINCO,5
491,0.9599917531013489,0.9936957359313965,0.828492283821106,0.17624999582767487,MaxLogit,NINCO,5
492,0.9155216813087463,0.9892594218254089,0.8345533609390259,0.1550000011920929,LogicOOD,iNaturalist,5
493,0.9243937730789185,0.991357147693634,0.85164874792099,0.13750000298023224,LogicOOD+,iNaturalist,5
494,0.6708749532699585,0.9707949161529541,0.5156523585319519,1.0,Logic,iNaturalist,5
495,0.7339000105857849,0.9772505760192871,0.5290129780769348,1.0,Logic+,iNaturalist,5
496,0.9603124856948853,0.995861828327179,0.8542131185531616,0.14499999582767487,Ensemble,iNaturalist,5
497,0.9907980561256409,0.9991644620895386,0.9480957984924316,0.04125000163912773,ReAct,iNaturalist,5
498,0.95804363489151,0.9958154559135437,0.8164545297622681,0.17749999463558197,MSP,iNaturalist,5
499,0.976036548614502,0.997786283493042,0.8669759631156921,0.11625000089406967,Energy,iNaturalist,5
500,0.9453377723693848,0.9944033622741699,0.7863006591796875,0.20999999344348907,Mahalanobis,iNaturalist,5
501,0.9868630766868591,0.9986103773117065,0.9528182148933411,0.05249999836087227,ViM,iNaturalist,5
502,0.9713337421417236,0.9972625970840454,0.8509954810142517,0.11999999731779099,Entropy,iNaturalist,5
503,0.974586009979248,0.9975779056549072,0.8677120804786682,0.11124999821186066,MaxLogit,iNaturalist,5
504,0.9343955516815186,0.9933289885520935,0.8925788998603821,0.10499999672174454,LogicOOD,FoolingImages,6
505,0.9494208693504333,0.9959558844566345,0.9459874629974365,0.10000000149011612,LogicOOD+,FoolingImages,6
506,0.8107750415802002,0.9842163920402527,0.5567554235458374,1.0,Logic,FoolingImages,6
507,0.946199893951416,0.9957201480865479,0.9059650301933289,0.10000000149011612,Logic+,FoolingImages,6
508,0.9800319075584412,0.9976161122322083,0.9186798334121704,0.07625000178813934,Ensemble,FoolingImages,6
509,0.9960613250732422,0.9996693134307861,0.9672994613647461,0.013749999925494194,ReAct,FoolingImages,6
510,0.9691874980926514,0.9971382021903992,0.8244868516921997,0.1599999964237213,MSP,FoolingImages,6
511,0.9899194240570068,0.9991440773010254,0.898460328578949,0.04500000178813934,Energy,FoolingImages,6
512,0.9998868107795715,0.9999908804893494,0.9988585710525513,0.0,Mahalanobis,FoolingImages,6
513,0.9999229311943054,0.9999939203262329,0.9991017580032349,0.0,ViM,FoolingImages,6
514,0.9823307394981384,0.9984504580497742,0.8671137094497681,0.08250000327825546,Entropy,FoolingImages,6
515,0.9869859218597412,0.9988396763801575,0.8898680210113525,0.0637499988079071,MaxLogit,FoolingImages,6
516,0.9302129745483398,0.9867555499076843,0.9021898508071899,0.11124999821186066,LogicOOD,Textures,6
517,0.9471021890640259,0.9922990798950195,0.9372406005859375,0.10000000149011612,LogicOOD+,Textures,6
518,0.7750930786132812,0.9676305055618286,0.5902276635169983,1.0,Logic,Textures,6
519,0.9287233948707581,0.990057647228241,0.8312111496925354,0.10000000149011612,Logic+,Textures,6
520,0.9842014908790588,0.996962308883667,0.9491832852363586,0.07249999791383743,Ensemble,Textures,6
521,0.9975845217704773,0.9996426105499268,0.9871293306350708,0.008750000037252903,ReAct,Textures,6
522,0.9778297543525696,0.996384859085083,0.9114771485328674,0.11749999970197678,MSP,Textures,6
523,0.9940622448921204,0.9990963339805603,0.9697399139404297,0.023749999701976776,Energy,Textures,6
524,0.9961006045341492,0.9994349479675293,0.9786431789398193,0.017500000074505806,Mahalanobis,Textures,6
525,0.9987397193908691,0.99981689453125,0.9932525753974915,0.008750000037252903,ViM,Textures,6
526,0.9884350299835205,0.9981986880302429,0.9440993666648865,0.05249999836087227,Entropy,Textures,6
527,0.9916874766349792,0.9986710548400879,0.9625210165977478,0.036249998956918716,MaxLogit,Textures,6
528,0.9245069026947021,0.9615843892097473,0.9187389016151428,0.14249999821186066,LogicOOD,ImageNetO,6
529,0.9481900334358215,0.9796453714370728,0.9593883752822876,0.10000000149011612,LogicOOD+,ImageNetO,6
530,0.7716249823570251,0.9198769330978394,0.7156019806861877,1.0,Logic,ImageNetO,6
531,0.9382500052452087,0.976967453956604,0.9336468577384949,0.10000000149011612,Logic+,ImageNetO,6
532,0.9670199155807495,0.980542004108429,0.9473038911819458,0.11874999850988388,Ensemble,ImageNetO,6
533,0.9943187236785889,0.9975070953369141,0.9887656569480896,0.023749999701976776,ReAct,ImageNetO,6
534,0.9590337872505188,0.9798851013183594,0.9296894669532776,0.17749999463558197,MSP,ImageNetO,6
535,0.983203113079071,0.9924688935279846,0.9651034474372864,0.07750000059604645,Energy,ImageNetO,6
536,0.998520016670227,0.9993972778320312,0.9966720938682556,0.007499999832361937,Mahalanobis,ImageNetO,6
537,0.999862790107727,0.9999452233314514,0.9996630549430847,0.0,ViM,ImageNetO,6
538,0.9747337102890015,0.9880973696708679,0.9524524211883545,0.10249999910593033,Entropy,ImageNetO,6
539,0.9800893068313599,0.9905389547348022,0.9613179564476013,0.07625000178813934,MaxLogit,ImageNetO,6
540,0.9209778308868408,0.9971063733100891,0.719136118888855,0.14749999344348907,LogicOOD,ImageNetR,6
541,0.9456332325935364,0.9985125660896301,0.8118171691894531,0.10000000149011612,LogicOOD+,ImageNetR,6
542,0.7564083337783813,0.9928116798400879,0.48104116320610046,1.0,Logic,ImageNetR,6
543,0.9346833229064941,0.9982304573059082,0.6709448099136353,0.10000000149011612,Logic+,ImageNetR,6
544,0.9639940857887268,0.9985998868942261,0.7313649654388428,0.13375000655651093,Ensemble,ImageNetR,6
545,0.9858393669128418,0.9995832443237305,0.7989689707756042,0.07625000178813934,ReAct,ImageNetR,6
546,0.9451720118522644,0.9981696605682373,0.580888032913208,0.24250000715255737,MSP,ImageNetR,6
547,0.9755649566650391,0.9992580413818359,0.684956431388855,0.10999999940395355,Energy,ImageNetR,6
548,0.9910671710968018,0.9997420310974121,0.8775182962417603,0.04874999821186066,Mahalanobis,ImageNetR,6
549,0.9975147247314453,0.9999327659606934,0.9389971494674683,0.012500000186264515,ViM,ImageNetR,6
550,0.9630824327468872,0.9988390803337097,0.610835075378418,0.17499999701976776,Entropy,ImageNetR,6
551,0.9716169834136963,0.9990989565849304,0.6763376593589783,0.1237500011920929,MaxLogit,ImageNetR,6
552,0.9079689979553223,0.9864116907119751,0.7776990532875061,0.21250000596046448,LogicOOD,ImageNetA,6
553,0.9354342222213745,0.9925203919410706,0.8381055593490601,0.14249999821186066,LogicOOD+,ImageNetA,6
554,0.7290196418762207,0.9692620635032654,0.5447638034820557,1.0,Logic,ImageNetA,6
555,0.8937458395957947,0.9886038303375244,0.6854552030563354,1.0,Logic+,ImageNetA,6
556,0.9446166753768921,0.9915205240249634,0.7928589582443237,0.21250000596046448,Ensemble,ImageNetA,6
557,0.9807378649711609,0.9976570010185242,0.8951656222343445,0.09125000238418579,ReAct,ImageNetA,6
558,0.9302006959915161,0.9903460741043091,0.7238333821296692,0.27250000834465027,MSP,ImageNetA,6
559,0.9591452479362488,0.99489426612854,0.7769590616226196,0.1899999976158142,Energy,ImageNetA,6
560,0.97670578956604,0.9971537590026855,0.893471360206604,0.12250000238418579,Mahalanobis,ImageNetA,6
561,0.9931967854499817,0.9992383718490601,0.9567902684211731,0.036249998956918716,ViM,ImageNetA,6
562,0.948920726776123,0.9933111667633057,0.7526211738586426,0.23999999463558197,Entropy,ImageNetA,6
563,0.9560351371765137,0.9942762851715088,0.774641215801239,0.19499999284744263,MaxLogit,ImageNetA,6
564,0.9002487063407898,0.9800045490264893,0.7933229207992554,0.2212499976158142,LogicOOD,NINCO,6
565,0.9367901086807251,0.990662693977356,0.871852695941925,0.13750000298023224,LogicOOD+,NINCO,6
566,0.6841681003570557,0.9541019201278687,0.5500782132148743,1.0,Logic,NINCO,6
567,0.8912314772605896,0.9853677749633789,0.7111270427703857,1.0,Logic+,NINCO,6
568,0.939314067363739,0.9881287813186646,0.8109056353569031,0.2199999988079071,Ensemble,NINCO,6
569,0.982452392578125,0.9973275065422058,0.9219731092453003,0.09000000357627869,ReAct,NINCO,6
570,0.9422449469566345,0.9900401830673218,0.798262357711792,0.23375000059604645,MSP,NINCO,6
571,0.965654730796814,0.9946376085281372,0.8393073081970215,0.16500000655651093,Energy,NINCO,6
572,0.9733718037605286,0.9960333108901978,0.8785556554794312,0.14624999463558197,Mahalanobis,NINCO,6
573,0.9931060075759888,0.999026894569397,0.9638721942901611,0.03750000149011612,ViM,NINCO,6
574,0.9582663178443909,0.9931666851043701,0.8265243768692017,0.17499999701976776,Entropy,NINCO,6
575,0.9634349942207336,0.9940550327301025,0.8382503390312195,0.16750000417232513,MaxLogit,NINCO,6
576,0.9034044742584229,0.9864956140518188,0.8221630454063416,0.1550000011920929,LogicOOD,iNaturalist,6
577,0.9160285592079163,0.9899815320968628,0.8457470536231995,0.14499999582767487,LogicOOD+,iNaturalist,6
578,0.6224750280380249,0.9644582271575928,0.5037744641304016,1.0,Logic,iNaturalist,6
579,0.7076500058174133,0.9744043350219727,0.518370509147644,1.0,Logic+,iNaturalist,6
580,0.9540888071060181,0.994495689868927,0.8440148830413818,0.13875000178813934,Ensemble,iNaturalist,6
581,0.9948666095733643,0.9995338320732117,0.968586802482605,0.023749999701976776,ReAct,iNaturalist,6
582,0.9681057929992676,0.9968511462211609,0.8412846922874451,0.14875000715255737,MSP,iNaturalist,6
583,0.9860966801643372,0.9987041354179382,0.9105599522590637,0.06750000268220901,Energy,iNaturalist,6
584,0.9350433945655823,0.9933027029037476,0.7547692060470581,0.24375000596046448,Mahalanobis,iNaturalist,6
585,0.9878101348876953,0.9988143444061279,0.9561604857444763,0.04749999940395355,ViM,iNaturalist,6
586,0.9798079133033752,0.9980640411376953,0.8782464265823364,0.08749999850988388,Entropy,iNaturalist,6
587,0.9839940667152405,0.9984505772590637,0.904518187046051,0.07249999791383743,MaxLogit,iNaturalist,6
588,0.9425427317619324,0.9937911033630371,0.890702486038208,0.10999999940395355,LogicOOD,FoolingImages,7
589,0.9612411260604858,0.9968875646591187,0.9567690491676331,0.07625000178813934,LogicOOD+,FoolingImages,7
590,0.7792249917984009,0.9817546606063843,0.5496990084648132,1.0,Logic,FoolingImages,7
591,0.9568249583244324,0.9965636730194092,0.9045800566673279,0.07625000178813934,Logic+,FoolingImages,7
592,0.9690350890159607,0.996257483959198,0.9051153063774109,0.0949999988079071,Ensemble,FoolingImages,7
593,0.9930129051208496,0.9993904829025269,0.9521709680557251,0.03125,ReAct,FoolingImages,7
594,0.9524338245391846,0.9954132437705994,0.7522551417350769,0.22499999403953552,MSP,FoolingImages,7
595,0.9820727109909058,0.9983994960784912,0.8756612539291382,0.07874999940395355,Energy,FoolingImages,7
596,0.9999749064445496,0.9999980330467224,0.9997012615203857,0.0,Mahalanobis,FoolingImages,7
597,0.9999605417251587,0.9999968409538269,0.9995207786560059,0.0,ViM,FoolingImages,7
598,0.9689173698425293,0.9971781969070435,0.7959661483764648,0.13875000178813934,Entropy,FoolingImages,7
599,0.9782264828681946,0.9980003833770752,0.8654439449310303,0.09375,MaxLogit,FoolingImages,7
600,0.9438458681106567,0.9892500638961792,0.9133730530738831,0.10499999672174454,LogicOOD,Textures,7
601,0.958440899848938,0.9938618540763855,0.9449412226676941,0.07874999940395355,LogicOOD+,Textures,7
602,0.7782845497131348,0.9688757658004761,0.5988097786903381,1.0,Logic,Textures,7
603,0.9341267347335815,0.9908923506736755,0.8178467750549316,1.0,Logic+,Textures,7
604,0.9797395467758179,0.9959099888801575,0.9412291049957275,0.07750000059604645,Ensemble,Textures,7
605,0.9966307878494263,0.9994971752166748,0.9831511974334717,0.014999999664723873,ReAct,Textures,7
606,0.9738645553588867,0.9957391619682312,0.8942440152168274,0.13124999403953552,MSP,Textures,7
607,0.9913253784179688,0.9986788630485535,0.9570221304893494,0.038750000298023224,Energy,Textures,7
608,0.9960983991622925,0.9994339346885681,0.9789369106292725,0.01875000074505806,Mahalanobis,Textures,7
609,0.9989866614341736,0.9998524188995361,0.9946721792221069,0.007499999832361937,ViM,Textures,7
610,0.9853024482727051,0.9977534413337708,0.9276531934738159,0.07750000059604645,Entropy,Textures,7
611,0.9891024827957153,0.9983037114143372,0.9504082202911377,0.051249999552965164,MaxLogit,Textures,7
612,0.9371156096458435,0.966739296913147,0.9301935434341431,0.1262499988079071,LogicOOD,ImageNetO,7
613,0.9599350690841675,0.9840549826622009,0.9676527976989746,0.07625000178813934,LogicOOD+,ImageNetO,7
614,0.7596249580383301,0.9181624054908752,0.7119243741035461,1.0,Logic,ImageNetO,7
615,0.9478750228881836,0.9807880520820618,0.9375477433204651,0.07625000178813934,Logic+,ImageNetO,7
616,0.9660912156105042,0.9801865816116333,0.9489861726760864,0.11500000208616257,Ensemble,ImageNetO,7
617,0.9928637742996216,0.996720552444458,0.9870153069496155,0.029999999329447746,ReAct,ImageNetO,7
618,0.9525443911552429,0.9761600494384766,0.9189980030059814,0.19499999284744263,MSP,ImageNetO,7
619,0.9799786806106567,0.9905015826225281,0.9625557065010071,0.07500000298023224,Energy,ImageNetO,7
620,0.9980480670928955,0.9992092251777649,0.9955816864967346,0.011250000447034836,Mahalanobis,ImageNetO,7
621,0.9997768998146057,0.999910295009613,0.999466061592102,0.0,ViM,ImageNetO,7
622,0.9691487550735474,0.9854127168655396,0.9427878856658936,0.11874999850988388,Entropy,ImageNetO,7
623,0.976555585861206,0.9886139035224915,0.9579548835754395,0.08500000089406967,MaxLogit,ImageNetO,7
624,0.9341477155685425,0.997606635093689,0.7395659685134888,0.14499999582767487,LogicOOD,ImageNetR,7
625,0.9558261632919312,0.9987745881080627,0.8044282793998718,0.07625000178813934,LogicOOD+,ImageNetR,7
626,0.7626749873161316,0.9931575655937195,0.493100643157959,1.0,Logic,ImageNetR,7
627,0.9384583234786987,0.998327374458313,0.6352066993713379,0.07625000178813934,Logic+,ImageNetR,7
628,0.9605068564414978,0.9984413385391235,0.746950626373291,0.13249999284744263,Ensemble,ImageNetR,7
629,0.9842449426651001,0.9995277523994446,0.7998750805854797,0.07874999940395355,ReAct,ImageNetR,7
630,0.9358986616134644,0.9978058338165283,0.541073203086853,0.27125000953674316,MSP,ImageNetR,7
631,0.9709455370903015,0.9990968704223633,0.6622039079666138,0.13875000178813934,Energy,ImageNetR,7
632,0.9909719824790955,0.9997408986091614,0.8787609338760376,0.04500000178813934,Mahalanobis,ImageNetR,7
633,0.9975171685218811,0.9999328255653381,0.9367769956588745,0.008750000037252903,ViM,ImageNetR,7
634,0.9555779099464417,0.9985857009887695,0.5709975361824036,0.20749999582767487,Entropy,ImageNetR,7
635,0.9665699005126953,0.9989268183708191,0.653084397315979,0.14875000715255737,MaxLogit,ImageNetR,7
636,0.9220882058143616,0.9882592558860779,0.8101356029510498,0.17874999344348907,LogicOOD,ImageNetA,7
637,0.9471505880355835,0.9937815070152283,0.8609707355499268,0.1287499964237213,LogicOOD+,ImageNetA,7
638,0.7203825116157532,0.9689779877662659,0.551472544670105,1.0,Logic,ImageNetA,7
639,0.8951190710067749,0.9888812303543091,0.6782838702201843,1.0,Logic+,ImageNetA,7
640,0.9473536014556885,0.9919394850730896,0.8213766813278198,0.17249999940395355,Ensemble,ImageNetA,7
641,0.979814350605011,0.997458815574646,0.906044602394104,0.09749999642372131,ReAct,ImageNetA,7
642,0.9328173995018005,0.9905750751495361,0.7568596601486206,0.26875001192092896,MSP,ImageNetA,7
643,0.9607551693916321,0.9948552250862122,0.8237063884735107,0.17749999463558197,Energy,ImageNetA,7
644,0.9758529663085938,0.9970153570175171,0.894218921661377,0.11625000089406967,Mahalanobis,ImageNetA,7
645,0.9943975806236267,0.9993683099746704,0.9666182398796082,0.026249999180436134,ViM,ImageNetA,7
646,0.9506803750991821,0.9934878349304199,0.7896185517311096,0.20999999344348907,Entropy,ImageNetA,7
647,0.9581289291381836,0.994411289691925,0.821178674697876,0.1862500011920929,MaxLogit,ImageNetA,7
648,0.9158074855804443,0.9829531311988831,0.8230491280555725,0.20125000178813934,LogicOOD,NINCO,7
649,0.9468457102775574,0.992035448551178,0.8798623085021973,0.13625000417232513,LogicOOD+,NINCO,7
650,0.6815294623374939,0.9550414085388184,0.5589781403541565,1.0,Logic,NINCO,7
651,0.8921352028846741,0.9856896996498108,0.7034524083137512,1.0,Logic+,NINCO,7
652,0.9434996843338013,0.9889724254608154,0.8361121416091919,0.19875000417232513,Ensemble,NINCO,7
653,0.9815247654914856,0.9971253275871277,0.9237441420555115,0.0949999988079071,ReAct,NINCO,7
654,0.9455973505973816,0.9905022382736206,0.8176546096801758,0.2224999964237213,MSP,NINCO,7
655,0.9669529795646667,0.9946452975273132,0.8647465705871582,0.15000000596046448,Energy,NINCO,7
656,0.970219612121582,0.9954714179039001,0.8785502910614014,0.14249999821186066,Mahalanobis,NINCO,7
657,0.9935965538024902,0.9990864992141724,0.9678112268447876,0.029999999329447746,ViM,NINCO,7
658,0.9604043960571289,0.9934565424919128,0.8480430245399475,0.1574999988079071,Entropy,NINCO,7
659,0.9653078317642212,0.9942721128463745,0.8644050359725952,0.14249999821186066,MaxLogit,NINCO,7
660,0.9210472702980042,0.9893420338630676,0.8485313653945923,0.14624999463558197,LogicOOD,iNaturalist,7
661,0.928992509841919,0.9915069341659546,0.8613714575767517,0.13625000417232513,LogicOOD+,iNaturalist,7
662,0.6417250037193298,0.9680681228637695,0.5175372958183289,1.0,Logic,iNaturalist,7
663,0.7094749808311462,0.9752194881439209,0.528549075126648,1.0,Logic+,iNaturalist,7
664,0.9547349214553833,0.9943888783454895,0.864938497543335,0.13124999403953552,Ensemble,iNaturalist,7
665,0.9941200017929077,0.9994765520095825,0.9651795029640198,0.029999999329447746,ReAct,iNaturalist,7
666,0.9686457514762878,0.996886134147644,0.8494381308555603,0.13875000178813934,MSP,iNaturalist,7
667,0.9858096241950989,0.9986843466758728,0.9200206995010376,0.0625,Energy,iNaturalist,7
668,0.9227981567382812,0.9916669726371765,0.7305747866630554,0.26374998688697815,Mahalanobis,iNaturalist,7
669,0.9871165156364441,0.9986963868141174,0.9562006592750549,0.05375000089406967,ViM,iNaturalist,7
670,0.9800717830657959,0.9981147050857544,0.8886219263076782,0.08124999701976776,Entropy,iNaturalist,7
671,0.9841541051864624,0.9985069036483765,0.9158740639686584,0.06750000268220901,MaxLogit,iNaturalist,7
672,0.9322211742401123,0.9923909306526184,0.8909500241279602,0.10750000178813934,LogicOOD,FoolingImages,8
673,0.9516546726226807,0.9961105585098267,0.9456608295440674,0.0949999988079071,LogicOOD+,FoolingImages,8
674,0.7562500238418579,0.9793286323547363,0.5348064303398132,1.0,Logic,FoolingImages,8
675,0.9457499384880066,0.9956774711608887,0.8774387240409851,0.0949999988079071,Logic+,FoolingImages,8
676,0.9805110096931458,0.9979429841041565,0.9216245412826538,0.07374999672174454,Ensemble,FoolingImages,8
677,0.9954347610473633,0.9996214509010315,0.9630289077758789,0.021250000223517418,ReAct,FoolingImages,8
678,0.9712744355201721,0.9974546432495117,0.8228688836097717,0.1587499976158142,MSP,FoolingImages,8
679,0.9876582622528076,0.99894118309021,0.908656656742096,0.05624999850988388,Energy,FoolingImages,8
680,0.9996938705444336,0.9999749660491943,0.9973173141479492,0.0024999999441206455,Mahalanobis,FoolingImages,8
681,0.9997553825378418,0.9999796748161316,0.9981614947319031,0.0024999999441206455,ViM,FoolingImages,8
682,0.9811623692512512,0.9983769059181213,0.8615556955337524,0.08250000327825546,Entropy,FoolingImages,8
683,0.9860459566116333,0.9987976551055908,0.902113676071167,0.06750000268220901,MaxLogit,FoolingImages,8
684,0.9340660572052002,0.9873342514038086,0.90911865234375,0.10625000298023224,LogicOOD,Textures,8
685,0.9487921595573425,0.9924284815788269,0.9358652830123901,0.0949999988079071,LogicOOD+,Textures,8
686,0.772278368473053,0.9673669338226318,0.5904004573822021,1.0,Logic,Textures,8
687,0.9231559634208679,0.9892981052398682,0.8015285730361938,1.0,Logic+,Textures,8
688,0.9848305583000183,0.9972842931747437,0.9508994221687317,0.06499999761581421,Ensemble,Textures,8
689,0.9975278973579407,0.9996435642242432,0.985776424407959,0.011250000447034836,ReAct,Textures,8
690,0.980440616607666,0.9969905614852905,0.9136710166931152,0.10750000178813934,MSP,Textures,8
691,0.9932411313056946,0.9990038275718689,0.964150607585907,0.029999999329447746,Energy,Textures,8
692,0.9959144592285156,0.9994070529937744,0.977717399597168,0.021250000223517418,Mahalanobis,Textures,8
693,0.998637855052948,0.9997952580451965,0.9936476349830627,0.0062500000931322575,ViM,Textures,8
694,0.9884529709815979,0.9982759952545166,0.9418128132820129,0.05375000089406967,Entropy,Textures,8
695,0.9918534159660339,0.9987871646881104,0.9591582417488098,0.03999999910593033,MaxLogit,Textures,8
696,0.9295618534088135,0.962936282157898,0.9280913472175598,0.1262499988079071,LogicOOD,ImageNetO,8
697,0.9503224492073059,0.9803011417388916,0.9603206515312195,0.0949999988079071,LogicOOD+,ImageNetO,8
698,0.7612500190734863,0.9166257381439209,0.7096113562583923,1.0,Logic,ImageNetO,8
699,0.9367499947547913,0.9766227006912231,0.9260460138320923,0.0949999988079071,Logic+,ImageNetO,8
700,0.972078800201416,0.9848315119743347,0.9564958214759827,0.11124999821186066,Ensemble,ImageNetO,8
701,0.9942874908447266,0.9975993037223816,0.9882896542549133,0.028750000521540642,ReAct,ImageNetO,8
702,0.9644309878349304,0.9835477471351624,0.9359343647956848,0.16124999523162842,MSP,ImageNetO,8
703,0.983894407749176,0.9929131269454956,0.9674782752990723,0.06875000149011612,Energy,ImageNetO,8
704,0.9971743822097778,0.9988113641738892,0.994209885597229,0.017500000074505806,Mahalanobis,ImageNetO,8
705,0.9995574951171875,0.9998140335083008,0.9990904331207275,0.0024999999441206455,ViM,ImageNetO,8
706,0.9765194058418274,0.989342451095581,0.9552419185638428,0.09000000357627869,Entropy,ImageNetO,8
707,0.9820774793624878,0.9920317530632019,0.9650039672851562,0.07374999672174454,MaxLogit,ImageNetO,8
708,0.9255775213241577,0.9972299337387085,0.7390732765197754,0.13750000298023224,LogicOOD,ImageNetR,8
709,0.9466586709022522,0.9985177516937256,0.7968825101852417,0.0949999988079071,LogicOOD+,ImageNetR,8
710,0.7510666847229004,0.992669939994812,0.4831192195415497,1.0,Logic,ImageNetR,8
711,0.9284499883651733,0.9980481863021851,0.6207849383354187,0.0949999988079071,Logic+,ImageNetR,8
712,0.966704785823822,0.9988000988960266,0.7489358186721802,0.1287499964237213,Ensemble,ImageNetR,8
713,0.984803318977356,0.999562680721283,0.7768844366073608,0.07750000059604645,ReAct,ImageNetR,8
714,0.9476713538169861,0.9983441829681396,0.5446121096611023,0.2462500035762787,MSP,ImageNetR,8
715,0.9735555052757263,0.9992079734802246,0.6551893353462219,0.13875000178813934,Energy,ImageNetR,8
716,0.985902726650238,0.9995793104171753,0.8407514095306396,0.06624999642372131,Mahalanobis,ImageNetR,8
717,0.9963205456733704,0.9998960494995117,0.9215837717056274,0.011250000447034836,ViM,ImageNetR,8
718,0.9623313546180725,0.9988508224487305,0.5745676755905151,0.18250000476837158,Entropy,ImageNetR,8
719,0.9709778428077698,0.9991222620010376,0.6480521559715271,0.14124999940395355,MaxLogit,ImageNetR,8
720,0.9159252047538757,0.987411379814148,0.809293270111084,0.17749999463558197,LogicOOD,ImageNetA,8
721,0.9378944635391235,0.9926567673683167,0.852745532989502,0.13124999403953552,LogicOOD+,ImageNetA,8
722,0.7288670539855957,0.9694221019744873,0.5470177531242371,1.0,Logic,ImageNetA,8
723,0.8847408294677734,0.9876371026039124,0.6654974222183228,1.0,Logic+,ImageNetA,8
724,0.9518016576766968,0.9930384755134583,0.823910117149353,0.17624999582767487,Ensemble,ImageNetA,8
725,0.9806824326515198,0.9976681470870972,0.9061827063560486,0.09125000238418579,ReAct,ImageNetA,8
726,0.9393391013145447,0.9920220971107483,0.7645121812820435,0.25999999046325684,MSP,ImageNetA,8
727,0.9610042572021484,0.9950727224349976,0.8145015835762024,0.17374999821186066,Energy,ImageNetA,8
728,0.974132776260376,0.9966934323310852,0.8941308259963989,0.12250000238418579,Mahalanobis,ImageNetA,8
729,0.9934802055358887,0.9992162585258484,0.9634204506874084,0.029999999329447746,ViM,ImageNetA,8
730,0.9537583589553833,0.9940374493598938,0.7940968871116638,0.2199999988079071,Entropy,ImageNetA,8
731,0.9601333141326904,0.9949497580528259,0.8141813278198242,0.17499999701976776,MaxLogit,ImageNetA,8
732,0.908568263053894,0.9812324047088623,0.8239020109176636,0.1862500011920929,LogicOOD,NINCO,8
733,0.9381251335144043,0.9907026886940002,0.8750345706939697,0.13249999284744263,LogicOOD+,NINCO,8
734,0.6803191900253296,0.9537354111671448,0.5513983368873596,1.0,Logic,NINCO,8
735,0.8833556175231934,0.9843278527259827,0.6937132477760315,1.0,Logic+,NINCO,8
736,0.9467025995254517,0.9901666045188904,0.8401163816452026,0.18250000476837158,Ensemble,NINCO,8
737,0.9822888970375061,0.997338593006134,0.9245371222496033,0.08874999731779099,ReAct,NINCO,8
738,0.9507489800453186,0.9918389320373535,0.8311216831207275,0.20624999701976776,MSP,NINCO,8
739,0.9674719572067261,0.9949115514755249,0.8629222512245178,0.15000000596046448,Energy,NINCO,8
740,0.9685338139533997,0.9951381087303162,0.87378990650177,0.16374999284744263,Mahalanobis,NINCO,8
741,0.992681622505188,0.9989113807678223,0.9648951888084412,0.036249998956918716,ViM,NINCO,8
742,0.962760329246521,0.9939368963241577,0.8583904504776001,0.15125000476837158,Entropy,NINCO,8
743,0.9672945737838745,0.9948267936706543,0.8658780455589294,0.1525000035762787,MaxLogit,NINCO,8
744,0.91322922706604,0.9882228970527649,0.8483566045761108,0.14374999701976776,LogicOOD,iNaturalist,8
745,0.921125054359436,0.9905837774276733,0.8595832586288452,0.13124999403953552,LogicOOD+,iNaturalist,8
746,0.6435500383377075,0.9674614667892456,0.5095568895339966,1.0,Logic,iNaturalist,8
747,0.7120000123977661,0.9749691486358643,0.5214323401451111,1.0,Logic+,iNaturalist,8
748,0.9587258100509644,0.9951697587966919,0.8672990202903748,0.13375000655651093,Ensemble,iNaturalist,8
749,0.992764413356781,0.9993606805801392,0.9579408764839172,0.03500000014901161,ReAct,iNaturalist,8
750,0.9677615165710449,0.9968382120132446,0.8469683527946472,0.15000000596046448,MSP,iNaturalist,8
751,0.980739176273346,0.9981691837310791,0.8956320881843567,0.07750000059604645,Energy,iNaturalist,8
752,0.9447850584983826,0.9941297769546509,0.8012734651565552,0.20125000178813934,Mahalanobis,iNaturalist,8
753,0.9891638159751892,0.9988531470298767,0.959855854511261,0.04749999940395355,ViM,iNaturalist,8
754,0.9768478870391846,0.9977191686630249,0.8811913728713989,0.08500000089406967,Entropy,iNaturalist,8
755,0.9807850122451782,0.9981833100318909,0.896985650062561,0.07874999940395355,MaxLogit,iNaturalist,8
756,0.9268960952758789,0.991749107837677,0.8824790716171265,0.11874999850988388,LogicOOD,FoolingImages,9
757,0.9492741823196411,0.9959321618080139,0.9444807171821594,0.10000000149011612,LogicOOD+,FoolingImages,9
758,0.7492250204086304,0.9785536527633667,0.5301930904388428,1.0,Logic,FoolingImages,9
759,0.9447000026702881,0.9955969452857971,0.8895390033721924,0.10000000149011612,Logic+,FoolingImages,9
760,0.9796961545944214,0.9978341460227966,0.921771764755249,0.07874999940395355,Ensemble,FoolingImages,9
761,0.9964131116867065,0.9997053146362305,0.9692060947418213,0.017500000074505806,ReAct,FoolingImages,9
762,0.9741289615631104,0.9976330399513245,0.8556114435195923,0.14249999821186066,MSP,FoolingImages,9
763,0.9907196760177612,0.9992164373397827,0.9303187131881714,0.04749999940395355,Energy,FoolingImages,9
764,0.9997823238372803,0.9999823570251465,0.9980202913284302,0.0,Mahalanobis,FoolingImages,9
765,0.9999241828918457,0.9999939203262329,0.9991142153739929,0.0,ViM,FoolingImages,9
766,0.9853519201278687,0.9987466931343079,0.8945462703704834,0.07249999791383743,Entropy,FoolingImages,9
767,0.988519549369812,0.9990023970603943,0.923987090587616,0.05624999850988388,MaxLogit,FoolingImages,9
768,0.9307957887649536,0.9869670271873474,0.9028478264808655,0.10875000059604645,LogicOOD,Textures,9
769,0.9464170932769775,0.9921292066574097,0.9330043792724609,0.10000000149011612,LogicOOD+,Textures,9
770,0.7799689769744873,0.9683893322944641,0.5930019617080688,1.0,Logic,Textures,9
771,0.923758864402771,0.9893655776977539,0.8105419278144836,1.0,Logic+,Textures,9
772,0.9846177697181702,0.9972448348999023,0.9508504271507263,0.0625,Ensemble,Textures,9
773,0.9978461265563965,0.9996941089630127,0.9861646890640259,0.008750000037252903,ReAct,Textures,9
774,0.9820088744163513,0.9972302317619324,0.9188830852508545,0.09749999642372131,MSP,Textures,9
775,0.9947496652603149,0.9992438554763794,0.9685853123664856,0.026249999180436134,Energy,Textures,9
776,0.9947366714477539,0.9992358684539795,0.9714915752410889,0.028750000521540642,Mahalanobis,Textures,9
777,0.9983285665512085,0.9997556209564209,0.9915013909339905,0.012500000186264515,ViM,Textures,9
778,0.9905970096588135,0.9986317157745361,0.9472928047180176,0.04749999940395355,Entropy,Textures,9
779,0.9930564761161804,0.9989776015281677,0.9630533456802368,0.03375000134110451,MaxLogit,Textures,9
780,0.9265690445899963,0.9627376198768616,0.9238889813423157,0.13625000417232513,LogicOOD,ImageNetO,9
781,0.948140025138855,0.9796295762062073,0.95920729637146,0.10000000149011612,LogicOOD+,ImageNetO,9
782,0.7773750424385071,0.9220007658004761,0.7196826934814453,1.0,Logic,ImageNetO,9
783,0.9382500052452087,0.976967453956604,0.9336468577384949,0.10000000149011612,Logic+,ImageNetO,9
784,0.9704024791717529,0.9838005304336548,0.9544366598129272,0.11124999821186066,Ensemble,ImageNetO,9
785,0.9947680830955505,0.9978257417678833,0.9890220165252686,0.02500000037252903,ReAct,ImageNetO,9
786,0.9617125391960144,0.981992781162262,0.9329360723495483,0.17249999940395355,MSP,ImageNetO,9
787,0.9838418960571289,0.9930012226104736,0.9683353900909424,0.07124999910593033,Energy,ImageNetO,9
788,0.9973481297492981,0.9989108443260193,0.9942060708999634,0.011250000447034836,Mahalanobis,ImageNetO,9
789,0.9996830821037292,0.9998730421066284,0.9992348551750183,0.0,ViM,ImageNetO,9
790,0.9768285155296326,0.989808201789856,0.9555320739746094,0.10000000149011612,Entropy,ImageNetO,9
791,0.9810287356376648,0.9914235472679138,0.9650574922561646,0.07374999672174454,MaxLogit,ImageNetO,9
792,0.9220097661018372,0.9971640110015869,0.7293629050254822,0.14749999344348907,LogicOOD,ImageNetR,9
793,0.9443199038505554,0.9984595775604248,0.7969397306442261,0.10000000149011612,LogicOOD+,ImageNetR,9
794,0.761358380317688,0.9929742813110352,0.48175761103630066,1.0,Logic,ImageNetR,9
795,0.9284166693687439,0.9980497360229492,0.6299587488174438,0.10000000149011612,Logic+,ImageNetR,9
796,0.9664890766143799,0.9988061785697937,0.7443807721138,0.12999999523162842,Ensemble,ImageNetR,9
797,0.9857628345489502,0.9995954632759094,0.7814791798591614,0.07374999672174454,ReAct,ImageNetR,9
798,0.9474753141403198,0.9983040690422058,0.582104504108429,0.23125000298023224,MSP,ImageNetR,9
799,0.9751747846603394,0.999268651008606,0.6688513159751892,0.11124999821186066,Energy,ImageNetR,9
800,0.9876317977905273,0.9996342658996582,0.8562619686126709,0.06624999642372131,Mahalanobis,ImageNetR,9
801,0.9970523118972778,0.9999199509620667,0.9296945929527283,0.012500000186264515,ViM,ImageNetR,9
802,0.9642550945281982,0.998924970626831,0.6097721457481384,0.17499999701976776,Entropy,ImageNetR,9
803,0.9717060923576355,0.9991394281387329,0.6623114347457886,0.125,MaxLogit,ImageNetR,9
804,0.9093040823936462,0.9866053462028503,0.785395622253418,0.19750000536441803,LogicOOD,ImageNetA,9
805,0.9351514577865601,0.9924561977386475,0.8392542004585266,0.14124999940395355,LogicOOD+,ImageNetA,9
806,0.7306249737739563,0.9694697260856628,0.54529869556427,1.0,Logic,ImageNetA,9
807,0.8911371231079102,0.9883167743682861,0.6798338890075684,1.0,Logic+,ImageNetA,9
808,0.9481886625289917,0.9923340082168579,0.8041867613792419,0.19625000655651093,Ensemble,ImageNetA,9
809,0.9818574786186218,0.9978805780410767,0.9049781560897827,0.09125000238418579,ReAct,ImageNetA,9
810,0.9357096552848816,0.9914407730102539,0.7515037655830383,0.26499998569488525,MSP,ImageNetA,9
811,0.9590228199958801,0.995058000087738,0.7852116227149963,0.20749999582767487,Energy,ImageNetA,9
812,0.9738947749137878,0.9966903328895569,0.8909616470336914,0.1274999976158142,Mahalanobis,ImageNetA,9
813,0.9934791326522827,0.9992634057998657,0.9602586627006531,0.029999999329447746,ViM,ImageNetA,9
814,0.9516348838806152,0.9939570426940918,0.7765976786613464,0.24124999344348907,Entropy,ImageNetA,9
815,0.9570881724357605,0.9946619868278503,0.7858948707580566,0.19875000417232513,MaxLogit,ImageNetA,9
816,0.903437614440918,0.9806735515594482,0.80635005235672,0.20499999821186066,LogicOOD,NINCO,9
817,0.936943769454956,0.9907415509223938,0.8712174892425537,0.13750000298023224,LogicOOD+,NINCO,9
818,0.6892710328102112,0.9550038576126099,0.5515574812889099,1.0,Logic,NINCO,9
819,0.8947184681892395,0.985844075679779,0.7187626957893372,1.0,Logic+,NINCO,9
820,0.9457792639732361,0.9899075627326965,0.8280526399612427,0.19625000655651093,Ensemble,NINCO,9
821,0.984562873840332,0.9977537393569946,0.92912757396698,0.08250000327825546,ReAct,NINCO,9
822,0.9507788419723511,0.9919450879096985,0.8171960115432739,0.2199999988079071,MSP,NINCO,9
823,0.9693611264228821,0.995434045791626,0.8533585667610168,0.14374999701976776,Energy,NINCO,9
824,0.9672478437423706,0.994908332824707,0.8708142042160034,0.1587499976158142,Mahalanobis,NINCO,9
825,0.9927208423614502,0.9989529848098755,0.9647037982940674,0.03500000014901161,ViM,NINCO,9
826,0.9638495445251465,0.9944419264793396,0.8431079387664795,0.1599999964237213,Entropy,NINCO,9
827,0.9679468870162964,0.9950910210609436,0.8532248735427856,0.14749999344348907,MaxLogit,NINCO,9
828,0.9089216589927673,0.9880282282829285,0.8344717621803284,0.1550000011920929,LogicOOD,iNaturalist,9
829,0.9212104678153992,0.9911435842514038,0.8529809713363647,0.14124999940395355,LogicOOD+,iNaturalist,9
830,0.6548749804496765,0.9686065912246704,0.5086072683334351,1.0,Logic,iNaturalist,9
831,0.743399977684021,0.9779713749885559,0.5278998613357544,1.0,Logic+,iNaturalist,9
832,0.9588750600814819,0.9949998259544373,0.8610789179801941,0.13625000417232513,Ensemble,iNaturalist,9
833,0.9955219626426697,0.9996262192726135,0.9670203328132629,0.02500000037252903,ReAct,iNaturalist,9
834,0.9724102020263672,0.9974024295806885,0.8563978672027588,0.14749999344348907,MSP,iNaturalist,9
835,0.9867925643920898,0.9988613128662109,0.9085458517074585,0.06499999761581421,Energy,iNaturalist,9
836,0.9238495826721191,0.9917446374893188,0.7361792922019958,0.26625001430511475,Mahalanobis,iNaturalist,9
837,0.985448956489563,0.998529851436615,0.9499958753585815,0.05999999865889549,ViM,iNaturalist,9
838,0.9830323457717896,0.9985061883926392,0.8915132284164429,0.07999999821186066,Entropy,iNaturalist,9
839,0.9853672385215759,0.9987044334411621,0.9061170816421509,0.06875000149011612,MaxLogit,iNaturalist,9
